
#
# Dumping data for table 'analysis'
# Dumping data for table 'assembly'
# Dumping data for table 'chromosome'
# Dumping data for table 'clone'
# Dumping data for table 'contig'
# Dumping data for table 'dna'
# Dumping data for table 'dna_align_feature'
# Dumping data for table 'dnafrag'
# Dumping data for table 'exon'
# Dumping data for table 'exon_stable_id'
# Dumping data for table 'exon_transcript'
# Dumping data for table 'external_db'
# Dumping data for table 'external_synonym'
# Dumping data for table 'gene'
# Dumping data for table 'gene_description'
# Dumping data for table 'gene_stable_id'
# Dumping data for table 'identity_xref'
# Dumping data for table 'interpro'
# Dumping data for table 'karyotype'
# Dumping data for table 'map_density'
# Dumping data for table 'mapannotation'
# Dumping data for table 'mapannotationtype'
# Dumping data for table 'mapfrag'
# Dumping data for table 'mapfrag_mapset'
# Dumping data for table 'mapset'
# Dumping data for table 'meta'
# Dumping data for table 'object_xref'
# Dumping data for table 'prediction_transcript'
# Dumping data for table 'protein_align_feature'
# Dumping data for table 'protein_feature'
# Dumping data for table 'repeat_consensus'
# Dumping data for table 'repeat_feature'
# Dumping data for table 'simple_feature'
# Dumping data for table 'supporting_feature'
# Dumping data for table 'transcript'
# Dumping data for table 'transcript_stable_id'
# Dumping data for table 'translation'
# Dumping data for table 'translation_stable_id'
# Dumping data for table 'xref'
# Host: ecs1a    Database: blastminigenewise_test
# MySQL dump 8.10
# Server version	3.23.32
#--------------------------------------------------------
INSERT INTO analysis (analysis_id, created, logic_name, db, db_version, db_file, program, program_version, program_file, parameters, module, module_version, gff_source, gff_feature) VALUES (1,'2002-10-17 15:11:42','RepeatMask','NULL','NULL','','RepeatMasker','1','','','','','RepeatMasker','repeat');
INSERT INTO analysis (analysis_id, created, logic_name, db, db_version, db_file, program, program_version, program_file, parameters, module, module_version, gff_source, gff_feature) VALUES (51216,'2002-10-17 15:11:42','riken_prot','riken_prot','1','','wublastx','1','','','','','wublastx','similarity');
INSERT INTO analysis (analysis_id, created, logic_name, db, db_version, db_file, program, program_version, program_file, parameters, module, module_version, gff_source, gff_feature) VALUES (7,'2002-10-17 15:11:42','blastx','embl_vertrna','1','','blastx','1','','','','','blastx','similarity');
INSERT INTO analysis (analysis_id, created, logic_name, db, db_version, db_file, program, program_version, program_file, parameters, module, module_version, gff_source, gff_feature) VALUES (9,'2002-10-17 15:11:42','sptr','sptr','1','','wublastp','1','','','','','wublastp','similarity');
INSERT INTO analysis (analysis_id, created, logic_name, db, db_version, db_file, program, program_version, program_file, parameters, module, module_version, gff_source, gff_feature) VALUES (10,'2002-10-17 15:11:42','est2genome','','1','','est2genome','1','','','','','est2genome','similarity');
INSERT INTO assembly (chromosome_id, chr_start, chr_end, superctg_name, superctg_start, superctg_end, superctg_ori, contig_id, contig_start, contig_end, contig_ori, type) VALUES (1,110437,114016,'ctg18006',110437,114016,1,307706,2179,5758,1,'UCSC');
INSERT INTO assembly (chromosome_id, chr_start, chr_end, superctg_name, superctg_start, superctg_end, superctg_ori, contig_id, contig_start, contig_end, contig_ori, type) VALUES (1,63487,72122,'ctg18006',63487,72122,1,315844,1,8636,-1,'UCSC');
INSERT INTO assembly (chromosome_id, chr_start, chr_end, superctg_name, superctg_start, superctg_end, superctg_ori, contig_id, contig_start, contig_end, contig_ori, type) VALUES (1,72223,75351,'ctg18006',72223,75351,1,315834,1,3129,1,'UCSC');
INSERT INTO assembly (chromosome_id, chr_start, chr_end, superctg_name, superctg_start, superctg_end, superctg_ori, contig_id, contig_start, contig_end, contig_ori, type) VALUES (1,75452,77578,'ctg18006',75452,77578,1,315831,1,2127,1,'UCSC');
INSERT INTO assembly (chromosome_id, chr_start, chr_end, superctg_name, superctg_start, superctg_end, superctg_ori, contig_id, contig_start, contig_end, contig_ori, type) VALUES (1,77679,81069,'ctg18006',77679,81069,1,315837,186,3576,-1,'UCSC');
INSERT INTO assembly (chromosome_id, chr_start, chr_end, superctg_name, superctg_start, superctg_end, superctg_ori, contig_id, contig_start, contig_end, contig_ori, type) VALUES (1,81070,82079,'ctg18006',81070,82079,1,307664,1,1010,-1,'UCSC');
INSERT INTO assembly (chromosome_id, chr_start, chr_end, superctg_name, superctg_start, superctg_end, superctg_ori, contig_id, contig_start, contig_end, contig_ori, type) VALUES (1,82180,85579,'ctg18006',82180,85579,1,315835,1,3400,1,'UCSC');
INSERT INTO assembly (chromosome_id, chr_start, chr_end, superctg_name, superctg_start, superctg_end, superctg_ori, contig_id, contig_start, contig_end, contig_ori, type) VALUES (1,85680,88681,'ctg18006',85680,88681,1,315833,33,3034,-1,'UCSC');
INSERT INTO assembly (chromosome_id, chr_start, chr_end, superctg_name, superctg_start, superctg_end, superctg_ori, contig_id, contig_start, contig_end, contig_ori, type) VALUES (1,88682,89366,'ctg18006',88682,89366,1,307674,1199,1883,1,'UCSC');
INSERT INTO assembly (chromosome_id, chr_start, chr_end, superctg_name, superctg_start, superctg_end, superctg_ori, contig_id, contig_start, contig_end, contig_ori, type) VALUES (1,89467,92199,'ctg18006',89467,92199,1,315832,1,2733,1,'UCSC');
INSERT INTO assembly (chromosome_id, chr_start, chr_end, superctg_name, superctg_start, superctg_end, superctg_ori, contig_id, contig_start, contig_end, contig_ori, type) VALUES (1,92300,92511,'ctg18006',92300,92511,1,307657,1086,1297,-1,'UCSC');
INSERT INTO assembly (chromosome_id, chr_start, chr_end, superctg_name, superctg_start, superctg_end, superctg_ori, contig_id, contig_start, contig_end, contig_ori, type) VALUES (1,92512,97587,'ctg18006',92512,97587,1,315840,21,5096,1,'UCSC');
INSERT INTO assembly (chromosome_id, chr_start, chr_end, superctg_name, superctg_start, superctg_end, superctg_ori, contig_id, contig_start, contig_end, contig_ori, type) VALUES (1,961228,999570,'ctg18982',71201,109543,1,380445,1,38343,1,'UCSC');
INSERT INTO assembly (chromosome_id, chr_start, chr_end, superctg_name, superctg_start, superctg_end, superctg_ori, contig_id, contig_start, contig_end, contig_ori, type) VALUES (1,97588,98369,'ctg18006',97588,98369,1,307700,1,782,-1,'UCSC');
INSERT INTO assembly (chromosome_id, chr_start, chr_end, superctg_name, superctg_start, superctg_end, superctg_ori, contig_id, contig_start, contig_end, contig_ori, type) VALUES (1,98470,99331,'ctg18006',98470,99331,1,307680,1,862,1,'UCSC');
INSERT INTO assembly (chromosome_id, chr_start, chr_end, superctg_name, superctg_start, superctg_end, superctg_ori, contig_id, contig_start, contig_end, contig_ori, type) VALUES (1,99332,110436,'ctg18006',99332,110436,1,315828,73,11177,1,'UCSC');
INSERT INTO chromosome (chromosome_id, name, known_genes, unknown_genes, snps, length) VALUES (1,'chr1',NULL,NULL,NULL,999570);
INSERT INTO clone (clone_id, name, embl_acc, version, embl_version, htg_phase, created, modified) VALUES (17171,'AL391244','AL391244',6,6,-1,'2000-11-30 13:05:37','2000-11-30 13:05:37');
INSERT INTO clone (clone_id, name, embl_acc, version, embl_version, htg_phase, created, modified) VALUES (28921,'AF276983','AF276983',1,1,-1,'2000-11-30 13:05:37','2000-11-30 13:05:37');
INSERT INTO clone (clone_id, name, embl_acc, version, embl_version, htg_phase, created, modified) VALUES (30367,'AC079860','AC079860',2,2,-1,'2000-11-30 13:05:37','2000-11-30 13:05:37');
INSERT INTO contig (contig_id, name, clone_id, length, embl_offset, dna_id) VALUES (307657,'AC079860.00007',30367,1297,8601,409437);
INSERT INTO contig (contig_id, name, clone_id, length, embl_offset, dna_id) VALUES (307664,'AC079860.00026',30367,1545,41826,409456);
INSERT INTO contig (contig_id, name, clone_id, length, embl_offset, dna_id) VALUES (307674,'AC079860.00014',30367,1883,19336,409444);
INSERT INTO contig (contig_id, name, clone_id, length, embl_offset, dna_id) VALUES (307680,'AC079860.00020',30367,2074,29497,409450);
INSERT INTO contig (contig_id, name, clone_id, length, embl_offset, dna_id) VALUES (307700,'AC079860.00050',30367,4712,107608,409480);
INSERT INTO contig (contig_id, name, clone_id, length, embl_offset, dna_id) VALUES (307706,'AC079860.00053',30367,5821,122459,409483);
INSERT INTO contig (contig_id, name, clone_id, length, embl_offset, dna_id) VALUES (315828,'AF276983.00003',28921,11316,19513,366500);
INSERT INTO contig (contig_id, name, clone_id, length, embl_offset, dna_id) VALUES (315831,'AF276983.00016',28921,2127,91588,366513);
INSERT INTO contig (contig_id, name, clone_id, length, embl_offset, dna_id) VALUES (315832,'AF276983.00013',28921,2733,80377,366510);
INSERT INTO contig (contig_id, name, clone_id, length, embl_offset, dna_id) VALUES (315833,'AF276983.00004',28921,3034,30929,366501);
INSERT INTO contig (contig_id, name, clone_id, length, embl_offset, dna_id) VALUES (315834,'AF276983.00010',28921,3129,66713,366507);
INSERT INTO contig (contig_id, name, clone_id, length, embl_offset, dna_id) VALUES (315835,'AF276983.00018',28921,3400,99435,366515);
INSERT INTO contig (contig_id, name, clone_id, length, embl_offset, dna_id) VALUES (315837,'AF276983.00014',28921,3576,83210,366511);
INSERT INTO contig (contig_id, name, clone_id, length, embl_offset, dna_id) VALUES (315840,'AF276983.00008',28921,5270,55224,366505);
INSERT INTO contig (contig_id, name, clone_id, length, embl_offset, dna_id) VALUES (315844,'AF276983.00007',28921,8636,46488,366504);
INSERT INTO contig (contig_id, name, clone_id, length, embl_offset, dna_id) VALUES (380445,'AL391244.00003',17171,38343,64193,313071);
INSERT INTO dna (dna_id, sequence, created) VALUES (313071,'CACGGTGATGGAGGGGAGGGGGCTGGGCAGGGTGATGGAGGGGAAGGGGAGGGGTGGAGAGGGGAGCGGGCGGGATGATGGAGGGAAGGGGGAGAAGAGGGGAGCAGGGCAGGGTGATGGAGGGGAAGGGGCAGGGCAGGGTGATGGAGGGGAAGGGGAGGCGCGGAGGAGAGGGTGTGGGTGGGTCAGGGTGATGAAGGGGCGGTGAGGGCCGGACGGTGAGGGATGGATGGGCGGGAGCAGGGTGGAGCGGGGAGGGGAGAGAGAGCGGGGTGGAGGAAAGGATGCAGGGCCACGGCAAAGGGAGACGGAGGGGTGCAGGGCGGGAGAGAGGAGTGGGCGATAGAGATGAAAGAGCGGGGCGGGGCGGTAGAGGGGCCGTGGCGGGCTGAGCAGGGCGGGAAGAGGGAGGGGGGAGATGGAGGGATGAAGGATTAGGGCCTGGGCGAAGGAGAGGCAGGGCGGGGAGAGGGGAGGGGGCGGGCCGCTGTGGGCCAGGCAGTGCTGAGGGGTGAACAGGAGATCCGGGACGCAGCAGGTAAAGGGCTGAGCAGGGTCCCTTGAGGGGAGGCTCAGAAAAAGCGCCCACTGCCGCGTTCTGCCCGCTTCTGCCCTCCTGCGCCCTCTCATCACCAGCTGGCGCCAGCCCCCGTGCCAGCAGAAAGGGGCCCGGGGCCCAGAGCAGGCCACAGCCCACTCTGCAGGTGGGGAAGCCCCACGCTGGCAGGAGGGCCTGGGAGGGGCCTTGTGTGTTTGGGGAGGGGCTGGGGGCTGTGGGTTAGTGAAACTTCAACGACATTTTCATCTTCTTTTCCTGGAACCCCGTTCTCTCCCCACCCCCACCCAGCTGTCCAGGCCCTGGTGGCCCCTGGTACAAGGCTGGGAGGCCTCAGGGAAGGGACAGAGCTGTCCCTTGGGTGAAAAACAAAAGCTCTTCTTTGGCTGTGGCTGGTGGGGGTGCTTGGGAGAAGGGGCTGCCAGGGAGGGGCACACGTGTCTCTGAGGACAAGGGGCAATTCTGGAAGGGGGCACAGTGCCTTCAGACCCAGGGCACGCCCACTCCCCAGGACCCCAGCTAGTCCCCCGCCCACGGGGCACAGGCTCACCCTCGAGTGGCACAGGAATCCCAGGTAGACGACGGCGGCCGCGGGCAGGAGCACCAGCAGGAAGGCTGCGGCGGGCAGCAGGAGGTGCAGCAGGAGCCCGGCCAGCAGCCGGCCGGGCAGCAGCGGGGGCCCCGACCACCCTGGGCACGTCAGGGCTGAGGCCTGGTGGTCGGGAGGTCCCCGGGGCAGCATGGGCGCTGTGTCGGAAGCACCACCTCCCCCCTCCTCCTCCTCCGTCTCCCTCCCCTGCTCACTCATGCTCCTGCCACTGCAGGCCTGTGGCCCGGGCGGTGCTCAATGCAGAGTGGTGCTCTCCAGGGCTGCCCTGGAAGACCTTTAACCCCGCCCCACGTTGCAGCCAGTCCACATCCCCCAGCCAGACCGTGGACCCTGGCTAGGGAGGTCCTGCCCTGATGTCTGTCCCAGAGCCACACCCCCACCTCAGTTTCCCCTCTGCCAGGCAGCTGCAGCTCCAGCAGCGCCAGTCTCCAGCCCCAGCCAGCTCCTGGTGCTCTGGGCAGGCCTTGCAGGGCCCTTCCCACCGGGGCCGCCTCCCTCCCTGTGCCGGGCGGGGCTGCAGCTCCCCCACACAAAGACCTCATTTCAAAGGGCTTGACTCCGGTAGCTGCCCCATCAGTAGCTGCCACCTGGAGGCCAGCCCCCCACCCCCTGTCCCAGCCCCAGCCCCGCTGCTCCCTCATCTGAACACCTTGTCGGTGTCCTCCGCCTGCGTCTCAGAGTGGATGAGAGGGGACCTGGGATGCGCGTGAGCCGCAGGGTGTGGGGCCCGTACACGGCAGGCACTCAGCAGGCTGCCAGGGACCACAGGCACCCTCGCGTCTGAACCCAGCCATCCCGAGCAGAGGAAAGGCAGATTTTC
CAGGACAAGAACCTGTGTTCCATCATTTTTTTTTTTTTTTTGGAGACAGTCTCACTCTGTCACCAGGGCTGGAGTGCAGTGGCACGATCTCGGCTCACTGCAACCTCTGCATACCTGGTTCAAGTGATTGTCCTGCCTCAACTTCCCTAGTAGCTAGGACTACAGGCGCTCACCACCGCGACCAGCAAATTTTTGTATTTTTTTTTAAGTAGAGACGGGGTTTCACTGTGTTAGCCAGGATGGTCTCGATCTCTTGACCTTGTGATCCGCCCACCTTGGCCTCCCAAAGTGCTGGGATTGCAGGCGTGAGCCACGGCGCCCAGCCCATCATTTCTAGTCAGGGGCAAAACTTTTCCCATCCAAAACCCCAAGCATTTTCTCTGAACGTTACTCCCGACTCTGACTTTTTTTTGAGACAGGGTCTCACTCTGTCACGCAGGCCGCAGTACAGTGGTTCAATCACGGCTACGGCAGCCTTGACCTCCTGGACTCGATCAGTCCTCCCACTTCAGCCTCCTAAATAGCTGGGACTACAGGCACCTAACCACCGCGCCCGGCTAGTTTTGGTATTTTTTGTAGAGATGGGATCTTGTCACGTTGCCCACACTGGTCTGGAACTCCTGGTGTCAAGTGATCTGCCTGCCTGGGCCTCCCACAGTGCTGGGATGACAGGCATCAGCCCCCGCGCCCAGCACAGTCCCTGACGTCTGTCCGTCTCCCAGGGCTTTATTGCACGTCAGCAGTTCCAGCTCCATTTTCTTTTCTTTCTTTTTTTTTTGTCGAGGAGGAATTTTTTGCTCTTGTTTCCCAGGCTGGAGTGCAATGGCACGATCTCGGCTCACTGCAACCTCCATTTTCCAGGTTCAGGCAATCCTCCTGCCTCAGCCTCCCGAGTAGCTGGGATTACAGGCGCACACTACCACGCCCGGCTAATTTTTGTATTTTTAGTAGAGGTGGGGTTTCACCGTGTTAGCCAGGATGGTCTCAAACTCCTAACCTCAGGTGATCTGCCCGCCTCGGCCTCCCAAAGTGCTGGGATTACAGACGTGAGCCACTATGCCCAGCCTCCAGCTCCGTGTTCATAATTAATTGACAGGAGTAGGTGTCTGTGAGCTGAGCCGTTCCCTGTGAGGCCTTCTAGTGGGCTCCATCCCTTCCAACACCTTCCAGGCCTCTCCAGCTCACCTACTTCCTTCAGACTTGTGAACAAGAAGGAGAGTGGTACCATGTGGCGTGTGACATCTAGCAGGGCAGCAGAGGCCTCCCTGCAGTGTCCCTACAGCGCTGGGCACGGTGGCTCACACCTGTAATCCCAGCATTTTGGGAGGCTGAGGCGGGTGGATCACTTGAGGTCAGGAGCTTGAGACCAGCCTGGCCAATTTGGTGAAACCCCGTCTCTGCTACAAATACAAAAATCAGGCCGGGCACGGTGTCTCATGCCTGTAATCCCGCACTTTGGGAGGCTGAGGCGGGTGTATCACCTGATGTCAGGAGTTCGAGACCAGCCTGACCAGTATGGTGAAACCTCCTGTCTTAAAAAAAAAAAAAATACAAAACTTAGCTGGGCCTGTTGACACGTGCCTGTAGTACCTGCTACTCGGGAAGCTGAGACAGGAGAATTGTTTGAACCCGGGAGGAGGAGGTTGCAGTGAGCCGAGATCAAACCATTGCACTCCAGCCTGGGCAACAGAGCGAGAATCCATCTCAAAAAAAAAAAAAAAAAAAAAAAAGTTAGCCAGGCATGGTGGTGGGCGCCTGTAATCCCAGCATTTTGGGAACCTGTGGAAGGCGGATCACTTGAGGTCAGGAGACCAGCCTGGCCAACATGGTGAAACCCTGTCTTTACTAAAAATACAAAAATTAGCCGGTCATGGCGGTGGGTGCCTATAATCCCAGCTACTTGGGAGGCTGAGGCAGGAGAATCACTTGAAACTGGCAGATGGTGGTTCCAAGTGAGCTGAGATCACACCACTGCACTCCAGCCTGAGTGACAGAGTGAGACTCCGTCTCAAAAATACAAATAAAAAGTTTTAAAAAGTTGCAAAA
CCTCTGCTTTCTAAGTGCCCCCCAACCAGGTCTCTCGCTTATTCATTCAACAAACACTGCTGAACTGCTACTAAGTCCCAGGGACTGTCATCGGAAAAGGAGGTCCCGATCCAGACCCCGAGAGAGGGTTCTTGGACCCCACACAAGGAAGAATTCGGGGGAGTCCACGGAGTAAACTGAAAGCAAGTTTAATAGGAAAGTAAAGGAATAAGAGAAGGGCTGCCCCATAGGCTGAGCAGCGGCCTGGGCTACTCCGACGAGAACACTTATTGTTGTTTCTTGATATGTACTAAACATGGTGTGGATTATTCCGGACTTTTCCGGGAAAGGGGCAGGCAATTCCCGGAAGTGAGGGTTCTTCCCCCTTTTAGACCATCTAGGGTAACTTCCCGGCATTGCCATGGCAACTGTAAATGGTCCTGGTGCTGGTGGGCGTGTCTCATGCTAATGTATTATAATCAGCACATAATGAGCAGTGAGGACTGGCTGTCTTGGTTTTGGTGGTTTGGGGCCGGCTTCTTCACGGCATCCTGTTTTATCAGCGGGGTCTTTGTGATCTGTATCTTGTGCTGATCTCATCCTGTGACTAAGAATGCCTGACCTCCAGGGAATGCGGCCCAGCCGGTCTCGGCCTCATTTTACCCAGCCCCTGTTCAAGATGGAGTCGCTCTGGTTCGAACGTCTCTGCAGAATCACTCCAGGTTCTTTGGATTCATGGCAAAGGGGCTGCGGCCTCTGCCCCTCCGTGCCCCACTGTGTGTGGGTCCTACAAGCATTGCAGAGGCAGCTGTGGCTGCCCCCACTGCGGTGGAACCCGGGAGACGGGAGTCTTGGGAGGGGCCTCCTCGAGGTCCATTCTAGCCGCTGTACCCCTGGGAAGCTGGCGTGAGGTAGTTTCTGTGGCCTCCCTGGCCCTGATGAGTACGGGACTTTCCACCCAGCCCCCAGAGCTCCTCGCTTCTTTCCCGGTCAGCCTTACGGAGCTTTCCTTCTAGAAGAGGAAGGCAGACATTTAAATAAACACATAGATACTTTCCTGTAGTGATAAATGCTAAGAACAAACTAAAACAGGGTTAGAGTCGCACGTTGCCTCAGATCCACCTGTGGTCAGGATCTGGGAAGGTGACGGATGAGTAGCCTGATGAGGTTTGTAGGGCAGGGTCTGTGTGGCTTGGGGGGTGGTGGGATGGGGCCCCTGGTCCCTTGGGCCCTTGGAGAGGCAGTCCTCTAGGGAGTGGGGGAGGCCAGACCAGGGCCCTCAGGAGACCCTGTCCTTGGGGACCTGGGAGGCTGAAGGGGGCTGGGGTGGGAATGGGTAGCCCTCATTACCTTTCCCGTGCAGCCGCTGGAGGGGCCAGGCTGCTGCAGCCACCCCAAAGAGCCATGCTCCCTTCTCCTGCCTGGCCCCAGGTACTGGGAGACAGGAAGATGCCCTCAGCACCAGCCCCACCCATCCTGCCCCAGGCCCCCAGGATCCCGCTGCCCCAGGCCTTGCTGGGGCAGAGCTGCTTTTCCAGATGCAGACGCACCCTAGCAGGGATTCTCCCCACTCTCCCGCCTGCCCCCCGACCCCCGCCCCCACCTGCCCAGGCATCTGTCCCTTCCCTGGCTCCAGACTTGCCCCAGCCAGTCCCCAAAGGGTTTTCGTCCCTCCCATGCCAGCGCCACCCTCTTTTCCAGGCCACCTGCCTGGAGTCCTTGGTGAATCTTTTGTCCTGTCCAGCATTTACAGAAAGGAAGGCCAGAACCTCACCCTGCCCTCCTCCCCAGCCTGGAATCGGGAGGAGGGGCCGGCACCCACCCCTGGGTGGGCTTAGCCAGCTGGGACAGGAGTGGGTGAGGGGGCTGCCCGAGGGTGGGCCCCATGGAGAGCCCTGTGAGGCCTTCCAGGGGCACATCGGGGTACATCCAAGGCTGCGCTTCCTGGGGGAGGTGGCGTCTGAGCAACTTTCGTCCACAAGCATGTTCCTGCTTGTCCTCCCCAACCGCCTGGCCTTTGTTCCCCAGGAGGGCAGCCGAACTGGGGCCCTGGCAGCCAGCAGGGGA
GGGAGTATGTTGGACAGGGGGCTGTGCCCGAAGGCAGGGCCTTCCTAAGTGGCTGAGTAAACAGCGTCAGGTGGCCTCAGCCTGGCCCAGGGGACCAGCTGTGTTCTCCCACCCCCTGCAAGGCTGAAGCTGCCACCATTCAGCTTTTCAGCAGCAGACACTCCACCCCAAAGCCTGCAGAAGGGATTTTGTGAAGAGGGTCACCAGGCTGAGCCTCGGCCAGAACCCGTCTACAGAGGACCCTCAGCCAGAGCAGAAAGCTCCTGAGCCAGCTCCCTTGGGTAACAGAGCCAAGCCCCTCTGAAGGCTAAGTGGTAACTGGAATGGGGGGCTCCAGTTGGCCTGGGACACGGCTGGGGGCAGGCCAGAGGCCTCCACAGTGGATGTAGGATCCCTGCTCCCCCCCAGATGGACTCCCAGAGGCCTGAGCCCAGAGAGGAGGAGGAGGAGGAACAGGAACTGCGGTGGATGGAGCTGGACTCCGAAGAGGCCCTGGGAACCAGGACAGAGGGGCCTAGTGTTGTCCAGGGCTGGGGGCACCTGCTCCAGGCCGTGTGGAGGGGCCCTGCAGGCCTGGTGACGCAGCTGCTGCGGCAAGGTGCCAGCGTGGAGGAGAGGTGCACCTGCGCTGGGGGGTGAAGGGGTCCCTTCTCTGGGTGGGGCAGGATGGGGGTCCCAGCACTGGGTGGGTGGAGGAGTCCCTTCTCTGGATGGGGTAGGACGGGGGTCCCAGCGCTGGGTGGGCGGCAGGACGGGGTGGGGCAGGGCGGGGTTCTGGTCAGTGGTCCACCCCCGCGCCGACGCCCTTGCCCCCTCCTCAGGGACCACGCAGGCCGGACCCCGCTCCACCTGGCCGTGCTGCGGGGCCACGCGCCCCTGGTGCGTCTCCTGCTGCAGCGAGGGGCCCCGGTGGGCGCGGTGGACCGGGCGGGGCGCACCGCGCTGCACGAGGCCGCCTGGCACGGACACTCGCGGGTGGCCGAGCTGCTGCTGCAGCGCGGGGCCTCGGCGGCGGCTCGCTCCGGGACGGGCCTCACGCCGCTGCACTGGGCCGCTGCCCTGGGCCACACGCTGCTGGCCGCGCGCCTGCTGGAGGCTCCGGGCCCGGGACCCGCGGCAGCGGAGGCGGAGGACGCGCGCGGCTGGACGGCGGCGCACTGGGCGGCCGCGGGCGGGCGGCTGGCGGTGCTGGAGCTGCTGGCGGCCGGCGGCGCGGGCCTGGACGGCGCCCTGCTCGTGGCTGCCGCTGCGGGGCGCGGGGCGGCGCTGCGCTTCCTCCTGGCGCGCGGGGCGCGGGTGGACGCCCGGGATGGCGCGGGGGCCACAGCGCTGGGTCTGGCGGCCGCCCTAGGCCGCTCCCAGGTACGTCCCGCCCTCCGCCCGGCAGTGATGGGAGGGGGCGCAGGGCCAGGATCCCCAGAGACGTGCCACCGGGGCAGCTGGAGCCAGGCTGGGGGACGGTGTCCAGGCACGAAGGCCCTGAGCGCGCCCCCGGCTGTGCCCCTCCGGTGTAGCCCCGTCCCGTGGAGACCAGGGCGGGATCCGAGGCCCGGGGCTCGGCTTCATGCTGGTGGCAGCAACAGACTCTCCGCCAGCGCCGGGCCTGTGCCTGAGACCCCCGTTCCTGGGCAGCGGGCAGGGTGTTGGCTGCAGATCCTTGGATTTGCTCTAAGGACTCTTAGGGGGAAAAGTGGACGTTTCCAAGCAGGCCAGCCTTGGGTTCGGCCTCACAACATGAGGAAGTGGTGTCAGGAGAGACAGGCCGCTGCGGGGACAGAAGAGGCCTGGGCTGGGCAAACGCCTGGTGGCTCTGCCCCTCGCCTACCGGGCTGAGGCCGGCCCCTGCTTTTCTCTCCTCTTCTAGGACATTGAGGTGCTGCTGGGCCACGGGGCAGACCCAGGCATCAGGGACAGGCATGGCCGCTCTGCGCTGCACAGGGCTGCCGCCCGAGGACACCTGCTTGCCGTCCAGTTGCTGGTCACCCAGGGGGCCGAGGTGGATGCGCGGGACACCCTGGGCCTCACACCCCTGCATCACGCCTCTCG
GGAAGGCCACGTGGAGGTTGCCGGCTGCCTGCTGGACAGGGGTGCCCAGGTGGATGCTACCGGCTGGCTCCGAAAGACCCCCCTACACCTGGCTGCAGAGCGAGGGCATGGGCCTACCGTGGGGCTTCTGCTGAGCCGAGGGGCCAGCCCCACTCTGCGGACGCAGTGGGCCGAGGTGGCCCAGATGCCTGAGGGGGACCTGCCCCAGGCGCTGCCTGAACTTGGAGGGGGGGAGAAGGAGTGTGAGGGCATAGAGTCCACGGGCTGAGCCAGACAGCAGGCTCCAGGCTCCACCGCCCCAGTGATTTCCAGGCTCTCTGGCTGAGGCTGCCTGCCTGGAGGGGACATCAGGGAAGAGGCTTCCGGAGGAGGGGATGGGAGAAAGTAGGGGATGTGGCTTGAGCTGCAGTCACAGGCCTTGGCTGGACCAGGGATGGCCCCCAGCTCCCAGGAGGGCCCACTGACCCTGCAGCTCCAGCCTTCTCCATACTTCAACAAAGAATGAGTTGTGGCAATGAGGGAAGAGAGACCCTCTCATAGTGTTTTATACTCAGTACCTGTTTTAAGAAAAAACAACAAGGAAGTAAAACCAAAGACAGGCAGGCAGCCTGGCGCTAGGCCCGAAACCAGGCCTGCGCCTGCCTGGCCTAAACCCAGTAGTTGAAAATCAATTCATAACTTAGAAACCGATGTTATTCATAGATTCCAGACATTGTATAGAAGAACATTTGTGAAACTCCCTGCCGTGTTCTGTTTCTCTCTGACCGCCGGTGCATGCAGCCCCTGTCACGTACCGCCTGCTTGCTCAAATCAATGACGACCCTTTCATGTGAAATCTTCGGTGTTGTGAGCCCTTAAAAGGGACAGAAATTGTGCACTTGGGGAGCTCGGATTTTAAGGCAGTAGCTTGCCGATGCTCCCAGCTGAATAAAGCCCTTCCTTCTACAACTGGGTGTCTGAGAGGTTTTGTCTGCGGCTCGTCCTGCTACATTTCTTGGTTCCCTGACTGGGAAACGAGGTAACTGACAGACGACCGAGGCAGCCCCTTAGGCGGCTTAGGCCTGCCCCGTGGAGCATCCCTGCGGGGGACTCCGGCCAGCCTGAGTGACGTGAGCTAAAGAGCGCTCCCGGGTAGGAAATTGCCTCGGTGGAACACCTCGCCAGAGCAGCCCATAACGGGCCCCCATGGTGGATTAACACAGTGGCTGAACACCGGGAAGGAACTGGCACTTGGAGTCCGGACATCTGAAACCTGGTAAGACTAGTCTTTGGAACTTGCCCCACTCCACCTGAGTAGACGCGTGGCCTGATCGCCCACGGCGTGCCTGCATTAGCACCTTTGTTCTGGTTTTGACTTGACTGAGATCATGTGATACTTTGGTTTTGGTTTTGACCTGGCTTGGATTTCTGGATACTCTGATTTTGGTTTTGATTTTGGTTTGGTGTAAACTGCAAAAGTGTGTGTGTGCCCTTTTTACCTGTTTTTTGTTTTGTGGTGTGAGCGTGGTGTTTTGTCTTGAAGAAGCGTGGGTCAGGCACAGATAAGCCCACCCCACTAGGAACTATGTTAAAAAAAATTTTTCAAGAAAGAATTTAAGGGAGATTACGGTGTTACTCTGACACCAGGAAAACTTACAACTTTGTGTGAAATAGACTTGTCAGCATTAGAGGTGGGTTGGCCATCAGAAGGAAGCCTGGACAGGTCCCTTGTTTCAAAGGTATGACACAAGGTAACGTGTAAGCCAAGGCACCCAGGCCAGTTTCCGTACATGGACAGTTAGAGCAGGTTTTAGACCCCCTCCCCCCTACGGTAGTTAAGAGAACAGCAGCATAAGCGGCTGGCAGAGGCAAGGAAAGACCAGCAGAGAGAAAAAGAGGCCATCTATACCAATTCTAAGTTAATTTAGACTAAACAAGGTCTTATTAATAGCAAAGGATAATTGAAATCCCAAACTTCCAAGGTTTTCAACAAAAGCGAAGTTTGCTAAAAGTTAACAGTGTAACATGTTAATGGTAACTTTTAATCTTGTGGCCTCAGACAGTCTA
GTCCAAAGACATAAAAAAAGTTCGCTTTAAAAAAGAAAAAAAAAGGGGAGGCTGAATTTATGTGAAAAGCATGTTATACGGTAAATTCTTGTCCTGAAATATATTAACTGGTTGTTTAAAAGTTTGTAATAAGGCAGAAAGTTGAGATATGTTGAAGAATTGTCGGCGAAAGTTGTAAAACAAAATGTTATAAAAAATTTATGCAAAAAATGTTGTATAATTTAAAAGTAATAAGGCCTCCTGAGTACTATTTTTTTTTTTTTTTTTTTTGAGACGGAGTCTCACTCTGTTGCCCAGGCTGGAGTGCAGTGGCGTGATCTCGGCTCACTGCAAGCTCCGCCTCCCGGGTTCACGCCATTCTCCTGCCTCAGCCTCCCGAGTAGCTGGGACTACAGGCGCCCGCCACCACGCCTGGCTAATTTTTTGTATTTTTAGTAGAGACGGGGTTTCACCGTGTTAGCCAAGATGGTCTCGATCTCCTGACCGCGTGATCCGCCCGCCTCGGCCCCCCAAAGTGCTGGGATTACAGGCGTGAGCCACCGCGCCTGGCCCCTGAGTACTATTAAAAAAAAAAGTTTATGTGCAAGGTGTACAAGAAAAGTAAAATATACCTTTGGTAAAAAAAATTATAAAGGGGCATAAAAATATGGATTTTTACCTACATTAAAAGGTTAAAAAAATTATTGTTTTTAAGAGTTTAAGCAAGTTTTAAAATGTAAATTGTAAAGAAAATTCTGTGTGTAAACATGTTAACTAAAGTTAAAAAGGTATCGTCCAGTTTTTCTGTGAACTGGACATTAAAGTAAAAATGCAACAGGTTTTTCTTAAAGCATCAACCTGCTCTTTAACAAAAGTTATAAAAGGTTAAAAAGAGTCTATAAAATCTTACCTTATGGTCAAACATGAAAAATTGGATAAATATGTCTACAAGGTTTTATTAAAATTAAGTTTAACATTAATAACACACTAATATAAAGGTAAAATTTAGCTTATCTGGTATAAAAATCATACAAGAAGCATTATTAAATATAAAATGGTGTTTAGCTTTCTTTGGTCTAAAAACTAATAAAAATAGGTGCTAAAGGAAACATTCATTTTACTAGAGGATCATGGAAGTTTAAGACTTAAAACAAACTTTGGCAATTAAGACAGCATACCAAGATGCAAAATGCCTGGTTGAAATGGATCAGATATTCCATCTGATGTTAAACAAAAGCAATTGTGATGCTCGTGCACATGGCAGGCCAAAGGCTCTGATTGTCCCCCTTCCACTAAGGTGGTCCTTCAGTCGACCAGGCGTGGGCTGCACGGTAGCTCTTTTCCAGGATTCTACAGCCTGGAGCAGCAAGTCATGCCAAGCTCTCCCCGCTACATTCTGCAGTCCCTGCGGGTCAGCCCCCGAGGGCCATCCAGCTTCCGTCTCCCAAAACTAAGTTCCCTTCGTGTCTCTCACGGCAGGGAGGAGACTTAGCAGTCCTTGGAGACTGGAAGGGATGCAGTGAGCTTAAGAATTTTCGAGAGCTTATCAATCAGTCAGCCCTTGTTCATCCCTGAGCGGATGTGAGCGGATGTGTGGTGGTATTGTGGTGGACCTGTACTGGGCACTCTGCCGAATAACTAGAGTGGCACTTGTGCTTTAGTCCGTTTGGCTATCCCTTTCACCCTGGCATTTCATCAACCAGAGGAGAAAAAAAAAAAAAGACATCGTAAAGCGAGAGAAGCCCCTTATGGGTCTTTCAACTCTCACATCTATTTAGACGCAATTGGAGCCCCACAAGGGACACCAGATCAATTTAAAGCTTGAAATCAAATAGTTACAGGATTTAAGTCAATATTTTGGTAGATGACAGTCAATAAAAATGTAGATTAGATAAACTACATCCATTCCAACCAACAGCAACGAGCTTTTCATGAGTCAAAAAGAAAAACTCATGTCAGCCCCAGCCCCGAGGCTACCTGACCTGACAAAACTCTTTACACTCTATGTGTCAGAAAGAGAAAAAATAGCAGTTGGAGTTTTAACCCAGACCGTAGAGCCCTGGCCAA
GGCCAGTGGCCTATCTCTCAAAACAACTAGACGGGGTTTCCAAAGGCTGCCCCCCTGTCCAAGGGCCCTGGCAGCAACGGCCCTGTTAGCACAAGAAGCAGATAAGCTAACTCTTAGGCAAAACCTAAAGTCCCCCCATGCTGTGGTGACTTTAATAAATACCAAAGGACATCATTAGCTAATGAATTCTAGACTAACTAGATACCAAAGCTTGCTCTGTGAAAATCCCCACATAACCACTGAAGTTTGCAAAACCCTAAACCCTGCCACCTTGCTCCCAGTATCAGAGAGCTCAGTGAAACTTAACTGTGTAGAAGTGTTGGACTCAGTTTATTCTAGGGGGCCCAACCACCGAGACCATCTTTAAACATCAGTAGACTCGAGCTGTACGTGGACGGGAGCAGCTTCGCCAACCCCTGCAAAGTGACTCTGAAGAAGACGACAAGCCCTGCTCCAGTCACACCCGGAAGCTGACTGGTCCACGTACAGCCGAAGCATGAGGAAACTCATCGCGGGACTCATTTTCCTTAAAATTTGGACTTGTACAGTAAGGACTTCAACTGACCTTCCTCAGACTGAGAACTGTTTCCAGTATATACATCAAGTCACTGAGGTAAGACAAAAGATTGCTACAGTCCTATTATTTTATGGTTATTGTAAGTGTACCAGGATTCTAAAAGAAACTTGTTTGTATGATGCTATTCTATCCAAGGTATGCAGCCCAGGAAATAACCAAACTGATGCGTGTTATGACCCATTTTAAGCCTCCCATGATCACAGGACTGGTCCTTTTCTAGGTGACACAAGTAAGTTAATAGCTAGAACAGAAGAAAGAGGGGTCCCCAAAAATGTAACCTTAAAATTTGAGGCTGGTGCCGCTATTAATAGTTAGCAGCATGGAATAGGATGCAGTTCTCTAAATTGGAAAAAAAGTTACACAGTAAAAAAAAAATAAGTATATCTGTCAAGAATCACATTTATGTGAGATGTGTCAATACTGGTCTTGTGTCATTTGGGCTACTTGGAAAGAAGATAAAAAAGATCCTGTTTGGCTCCAAAAAGGAAAAGTCAGCCCCTCCTGCACGAGTGGGAGCTACAACCTTTTAGAATTGATAATCACAAACCCTTCAGACCCAAAGTGGAATAAAAAAAAGTGTTAACATTAGGCATTGACAGAAAAGGCTTAGATCCTAGCGTAAGCATCCTAATAGAAGGAGAGGTTCAATAACGCTCTCCACAACCATATTGCAGACTTTCTATGATGAACTAAATGTGTCAGTACCTGAGATTCCAGCAAAAACTAAAACTTTGTTTTTGCAATTAGCCGAACATGGAGCCCAGTCTCTACAAGTCACCTCTAGCTGTGTTTGCGGAGGAACCGTAACAGGAGATCAGCGGCCATGGGAAGCCCGAGAATTAGTTCCTACAGACCCAGTTCCTGATGAATTCCCAGCCCAAAAGAACCACCCTGACAATTTTTGAGTTCTAAAAGTCTCAATTATTGGACAGTATTGCATAGCTTGAGAAGGAAAAGGATTCACTCATCCTGTAGGGCGGCTTGGTTGTCTTGGGCAAAAGCTGTATAACGGTACCACAAAAACAGTTACATGGTGGAGTTCCAATTACACAGAAAGAAATCCATTCAGTAAATTTCCAAAGTTGCAGACTGTTTGGGCCTACCCAGAACTCCACCGGGACTGGACGGCCCCCACCGGGTTATACTGGATATGTGGACCCAGAGCTTATGCTAAGCTGCCTGATCAATGGACAGGTAGCTGTGTAATTGGCACCATGAAGCCATCTTTCTTCTTACTGCCCATAAAAACAGGTGAACGTCTGGGCTTCCCAGTCTATGCTTCCCGCGAAAAACGAAGCATAGCCATAAGTGATTGGAAAGATGATGAATGGCCCCCTGAAAAAATCATACAATACTACGGACCCGCCACTTGGGCAGAAGATGGCTCATGGGGATATCGAACCCCCATCTACGTGCTCAACCGAATCATACGGTTACAAGCTGTTTTAGAAATTATTACTATAAACCTG
GTCAAGCCTTGACTGTTCTTGCCCGGCAAGAGACTTTGATGAGAAATGCTAGCTCTCAAAATAGACCAGCTCTTGACTACTTGCTAGCAGCTGAAGGAGGAGTTTGTGAAAAATTTAGCCTTACTAATCGTTGTCTACACATAGATGATCAGGGGCAAGTAGCTGAGAATATAGTTAAAGATATAACAAAACTGGCACACGTACCCGTGCACGTGTGGCATGGACTCAATCCAGGAGCCATGTTTAGAAATTAGTTCCCAGCAATAGGAGGATTTAAAACTCTTATAACAAGAGTAACAATAGTAATAGGAACCTGCTTACTGCTCCCTTGTCTGATACCTGTATTTCTCCAAATGATAAAAAACTTCATCACTACCTTAGTTCACCAAAATGCTTCAGCACAAGCATACTATATAAATCACTATCAATCTATTGCACAAAAAGACATAAGTAGCAAAAATGAGTGAGAACTCCCACTAATAAAAAGTGAGAGTCTCAAAGGGGGGAATGAGGGAAGAGAGAGACCGTCTCATATTGTTTTATACTCAGTACCTATTTTAAGAAAAAACAACAAGGAGGTAAAACCAAGGACAGGCAGCCCGGCGCTAGGCCCGAAACCAGGCCTGCGCCTGCCTGGCCTAAACTCAGTAGTGAAAAATCAACTCATAACTTAGAAACAGATGTTATTCATAGATTCCAGACATTGTATAGAAGAACATTTGTGAAACTCCCTGCCGTGTTGTTTCTCTCTGACTGCCAGTGCATGCAGCCTGTCACGTACCGCCTGCTTGCTCAAATCAATCACGACCCTTTCATGTGAAATGTTTAGTGTTGTGAGCCCTTAAAAGGGACAGAAATCGTGCACTCGGGGAGCTCAGATTTTAAGGCAGTAGTTTGCTGATGCTCCCAGCTGAATAAAGCCCTTCCTTCTACAACTCGGTGTCTTGAGAGATTTTGTCTGCGGCTCATCCTGCTACAGCAACTGATGTGACTTAAACCTGATGATGGATGGAGGCACAGACCTGGGACAGACGGACCTGGGACCTGGACGGACCTGGGACAGACGGACCTGGGACCTGGACAGACCTGGGACCTCGACGGACCTGGGACCTGGGACCTAGACGGACCTGGGACCTGGGACCTAGACGGACCTGGGACCTAGACGGACCTGGGACCTGGGACCTAGATGGACCTGGGACCTAGATGGACCTGGGACCTAGATGGACCTGGGACCTGGGACCTAGATGGACCTGGGACCTAGATGGACCTGGGACCTGGGACCTAGACAGACCTGGGACCTCGACGGACCTGGGACCGGGACCTAGACGGACCTGGGACAGATGGACCTGGGAACCTGGACGGACCTGGGACCTGGGACCTGGACGGCACCTCTGTCTTCCCTTCCTTCCCTCTGTGTGCACACCGCCGGGGCGCTCTTTTCAGTTGCTCTCTGTAGGCCGCGGTGTTCCAACTGTGTTTTCTTAGATTTGTATATGTCACTTTGACAACCATGAATTACATGGCCAAACTTATGGCCACGGCTGTTCTCCTCCCCACTTCCATCCAGAGCCGGTACCCTGACCCACCTCCTCATCTAACACCTGCACAAGCTGATACATCCCCTGCCCTGAGTCGCCCAGGGCCAGGAACAGGTGACCAGGACAGCCCCCATGCACCAAGGCCAGATGGCATTTTTCTTTTCTTATCCTTTTTTTTTGAGGCAGAGTCTCACTCTGTCCCCCAGGCTGGAGTGCAGTGGCGCCATCTCGGCTCACTGCAAGCTCCACCTCCTGGGTTCACATCATTCTCCTGCCTCAGCCTCCGAAGTAGCTGGGACTACAGGCGCCCGCCACCCCGCCCAGCTAATTTTTTGTATTTTTAGTAGAGACAGGGTTTCACCGTGTTATCCAAGATGGTCTCAATCTCCTGATTTCATAATCTGCCCACCTTGGCCTCCCAAAGTGCTGGGATTACAGGCATGAGCCACTGAGCCCGGCCTTTCTTTTCTTTTTTAAATGGAGTTTCGCTCTCATTGCCCAGGCTGGA
GTGCAATGGCGCAATCTCGGATCACTGGCAACCTCTGCCTCCTGGGTTCAAGCAATTCTCCTGCCTCAGCCTTCGGAGTAGCTGGGATTACAGGCGCCTGCCACCACACCTAGTTAATTTTTTGTTTTTTAGTAGAGATGGGGTTTCACCATGTTGGCCAGGGTGGTCTTGAACTCCTAACCTCAGGTGATCCGCCTGCCTTGGCCTCCCAAAGTGCTGGGATTACAGGCGTGAGCCACTGCGCCCGGCCAAGATGGCATTTTTCAAGCTGGCCCATTCTGAGCTGCTCACCCCGCCCTCCCTGCCTTTCCCACAGAATCCCCAGCCAAGGCTCTGGCCTTAGCTTTCTCCCCTCTCTCTGCCTCCTGACAAAACACCGGGGCTTCTCATGTCGCCCTGCATAGTGTGAGTGTAGGGGTGGGTTGCCCCTCCACACCTGTGGGTGTTTCTCGTAAGGTGGAACGAGAGACTTAGGAAAGAAAAAGACACAGAGACAAAGTATAGAGAAAGAAATAAGGGGACCCGGGGAACCAGCGTTCAGCACATGGAGGATCCCGCCAGCCTCTGCGTTCCCTTAGTATTTATTGATCATTTGTGGGTGTTTCTCAAAGAGGGGGATGTGTCACGGTCACAAGACAATTGTGGGGAGAGGGTCAGCAGACAAACACGTGAACAAAGGTCTTTGCATCATAGACAATGTAAAGGATTAAGTGCTGTGCTTTAGATATGCATACACATAAACATCTCAATGCTTTACAAAGCAGTATTGCTGCCCGCGGGTCCCACCTCCAGCCCTAAGGCGGTTTTTCCCCATCTCAGTAGATGGAACATACAATCGGGTTTTATACTGAGACATTCCATTGCCCAGGGACAGGCAGGAGACAGATGCCTTCCTCTTGTCTCAACTGCAAGAGGCATTCCTTCCTCTTATACTAATCCTCCTCAGCACAGACCCTTTACGGGTGTCGGGCTGGGGGACGGTCAGGTCTTTCCCTTCCCACGAGGCCATATTTCAGACTATCACATGGGGAGAAACCTTGGACAATACCTGGCTTTCCTAGGCAGAGGACCCTGCGGCCTTCCGCAGTTTCTGTGTCCCTGGGTACTTGAGATTAGGGAGTGGTGATGACTCTTAAGGAGCGTGCTGCCTTCAAGCATCTGTTTAACAAAGCACATCTTGCACCGCCCTTAATCCATTTAACCCTGAGTGGACGTAGCACATGTTTCAGAGAGCACGGGGTTGGGGGTAAGGTCACAGATCAACAGGATCCCAAGGCAGAAGAATTTTTCTTAGTACAGAACAAAATGGAGTCTCCTATGTCTACTTCTTTCTACACAGACACAGTAACAATCTGATCTCTCTTGCTTTTCCCCACAGTGAGTGTCCCCATCGCTCAGGAAATGCGAGTAATAAAAATCTCCAATAACAACAGCTTCTCCATGTCTCCAGTCAGTCATGTCCATAAACTGAAAATCCTGCAGGTAGGCCAGTTGTGTCTGTAATCCCAGCACTTTGGGAGGCCAGTTTTGAGACCAGCCTGGGCAACATGGTGAAACTCCATTTCTACCAAAAATACAAAAATTGGCCAGGCATGCACTTGTGGTTCAGCTACTCAGGAGGTCGAGGTGGGAAGATCACTCAAGCCCAGGAGGCAGAGGCTGCAATGAGCTGAGATGGCGCCACTGCACTCCAGACTGGGTGAGAGTGAGACCCCATCTGAAAAAAAAAAAGTAGTTTTTCTTCTTCTTGTTTTTTGAGACAAGGTCTTGATCTGTCACCCACGCTAGAGTGCAGTGGTGCGATCTTGGCTCACTGCAGCCTTGGCCTCCCGGGTTCAAGCAATTCTCCCACCTCAGCTGGGATTACTGGGGCCCGCTACCACGCCCGGCTACTTTTTGCATTTTTAGTAGAGATGGGGTTCCACCATGTTGGCCAGGCTGGTCTCGGATTTCTGACCTCAGGTGATCCACCTGCCTCGGCCTCCCAAAGTGTTGTGCAGAGCCACTGCACCCGGCCTCCTCTTTTTTTTTAAGATGGAGTTTTGC
TAGTTTCCGAGGCTGGAGTGCAATGAATGGCGGGATCTCGGCTCACCGCAAACTCTGCCTCCCGGGTTCAAGCGATTCTCCTGCCTCAGCCTCCTGAGTAGCTGACCATGTTGGTCAGCCTGGTCATTTAAGGTCGGGAGTTCGAGACCAGCCTGGCCAACATTGTGAAATCCCGTCTCTACTAAAAATACAAAAATTAGCTGGGAGTGGCGGTGTGCGCCTGTAATCCCAGATACTCGGGAGGCTGAGGCAGGAGAATCACTTGAACCGGGTAGGCAGAGGTTGCGGTCAGCCGAGATCGCACCTTTGTACTCCAGACTGGGCGACGGAGCAAAACTCCGTCTCAAAAACAGAAAAAAACAAAACAAAACAAGAAACACAACAACAAATGCAGTGCGTCATCCTAGACTGAATCCTCAACAGGGAAAAAAAGGTATAAAAGACATTTGAAGCGAGTTAAATCTGGAGTGTGGGCTGGGTCCGGATTTTGACCATTCTACGGTGTGGTTCCTAAGAGTAAATACACAGCAAAGTGTTTAGGTGTCTCCAGCGTCTCAAATGGTTTAGGAAAAAAATCCATTATGTTTATATTTACAGAGAGAATGATTCAAAAATGGAGCAAAACGTAAATAGTAGGTGAATTTGGTTCGAGAGTATTAAACAAATGGAACAAATGAAAACAGCTGGCACATTTTGGTAGTGAACACTGGGGAGTTTTCCTTGTACTTGTATTCCAACTCTTCTATGATTTAAAAAATATCCAAGTATAATAAACTGTTATAAAGAAACTGCACACCCCCAATTTTTCGATAATATAGCAGAAATATAAAATTACACATAATATAAAACTTCTTATTTTTTTGGGACAGACTCTGGCTCCGCTGCCCAGGCTGTTGTGCGGTGGTGCAATCTGAGCTCACTGCAGCCTCCACCTCCAGAGCTCAGGCGAGCCTCCCGTCTCAGCCTCCTGAGTAGCTGGGACCTCAGGCGCGCGCCACCACCGCTCCCGGCTAATTTCTTTTTGATTTTTTGTAGAGATGGGGTCTCACTATGTTGCCCAGGCTGGTATTGAACTCCTGGACTCAAGTGTTCCTCCCCCCTCGGCCTCCGAAAGTGCTGGGATTACAGGCATCAGCACCACAGCGATCACATTTACCATTTCGAAGCTGAGAATTTCCAGGCATGGCGCGGTGGCTCAGGCCTGTAATCCCAGCAGAAGCCAGCAGTCCGAGAACAGCCTGGCCAACGCGGGAAGACGCCCCCTCTACAAAAAACACAAAAAATTAGCCGGGCGTGGCGGCGCGCGCCTGACGTCCCAGCTACTAGGAAGGCAGAGGCCGCGGCGAGCCGAGGTCGGGCCGCTGCACCCCAGCCAGGGCGACCGGGCGAGACCCCGTCTCAAAATGAGTAAGTAAACAAAGTGCAAGGTTCAGAGGCAACGGGCACTTTCACACCGATGCGACCATCTCCACCTCGGTTCCTGAACATCCTCGTGGCCCCAGGGGGCGGCCTGCCCCTCCCCGCCCGCGCCGCACCCGAGCTCCCCGGCCGCGGGGCCCCCGACCCGGGTCCGCTGCCCTCACGGTGCCCTCGGAGCCACAGCTGCGGCCGGGGCCGTGCTCCGGGACGGTCCGCGTGCGCTGCTGTTTATCCATCGTCCGCGAATAGCCACGGGCGCTGCGGCCCCGTTCTCCTTTCAGTCCCCGCCGCGGCCCCACATCCGCTCCCCAACACGCACCACCACCGCGAGTTCAGGAGCACAACTGGGCACCCGCGGGCTGACGGGAGACGACCTTCGCCCCGGAAGTATCGCAGGGGCTGACCCGGAAGCGCTCGTGACCACCATTTCCGACCCGGGCAAGATGGCAGCGGCGCTGCGCGTGCGTTGTTGAGTGTTCGGGACGCCGGCCTGCAGGCGCCATGGTCTTCCTCACCGCGCAGCTCTGGCTGCGGAATCGCGTCACCGACCGCTACTTTCGGATCCAGGAGGTGCTGAAGCACGCCAGGGTGAGTGCCGCCTGCCCGGCCTGGGCACTGGGCGCCCGG
GGTATCCCGCGGGCCAAGGGGCGGCCGGCGCGGGCCCCGCTGACAACCCTGGTTTCTCGTTTTCTGTCCCAGCACTTCCGGGGAAGGAAAAATCGCTGCTACAGGTTGGCGGTCAGAACCGTGATTCGAGCCTTTGTGAAATGCACCAAAGCCCGATACCTGAAGAAAAAGAACATGAGGACCGTAAGCGTGGACCCGGGACACCCGCCGGCCAGCGCACTCGCGGCCCCTGCGTTTCTGCGCCGCGACCCAGCTAGTGTGCAGCCGCCCGGCCACCCTCAGCCCCTTCCTTTCATACCTTGCTTCGAAACTCCGACAAATTATGTCGCCCCGCAGGCAAACTGTGGGACATCCGTTCTCCCGCCCCGCCGCCACCCCCACTGTCACCCCCTGCTCCAGCCCCTCGCCCGGGCCACTGCAGAGCCGCCTTGACACTCTCCCTGCGTCGCCAGCCACCGCCCTAGTCGCTGCTGCTCTCATCCCTCCGGTGGCTTCCCTTCCCTTTGGCAGCTGAAGTCAACCCAGCCCCTTGCCAACCCTCCAGGGCTACTATCTGCTGCCGTGGTGCTCCTCGAAGAGACCACGCCTGCTGCCAAGCTCTGCCCACCCGGAACCCCCCGCATTTCTGGGAGGCTGGCGCCTCCACTCTGTCCACGTGCCGCCTCATTACTGCGCCTCACCACTCCCGTCTCAGCCTCATGAACCTAGCATCTAACGTACCCCGGTTTTTTTTTCTTACCCCGAGACGGAGTCTCGCGCTGTCACCCAGGCTGGAGTGCAATGGCGCGATCTAGGCTTAATGCAACCTCGTCTCCCGGGTTCAAGCGATTTTCCCGCCCCAGTCTCCCGAGTAACTGTGACTGCAGGTGTGCGCCACCAAGCTATTTTTTGTATTTTTAGTAGAGACCGGGTTCCGCCATGTTGGTCAGGCTGGTCTCGAACTCCAGATCTGAAATGATCTGCCTGCCTTGCCCTCCCAAAGTGCTGGGATTACAGGCGTGAGACACCGTGCCCAGCTGGGTTTTTGCTGTTTTTAATTTTGAAACAGGGTCTTGATTTCGCTTAGGCCAGAGTGATGGCACCATCATAGCTCACTGATTTTGCTATTTACTTTTAGAAAAATATTCTTTAGATCAATTAGAGGCTTTGCTGGGACATAACATCCAGAAGTCATTTTTAAGTATCTTCATGTTTTCTTATTTCAGCTCTGGATTAATCGAATTACAGCTGCTAGCCAGGAACATGGACTGAAGTATCCAGCGCTCATTGGGAATTTAGTTAAGGTATGGGTGAGTATGTGGGTCCCACTGAAATTCTGGACATCTGCAGAAACCATCATGCGGGGCGTGGTGGTGCTTCCTGTAGTCCCAGCTAATCAGGAGGCTGAGGCCAGAGGATCCCTGGAGACTGACTTCTGGGCTGTAGTTTGCTATGCTGATGGGGTGTCCATGTTAAGTGTGGTATCAATATGGTGACCTCTTGGGAGCAAGGGACCACCACGTTGCCTAAGGAGGGGTGAACCAGCCCAGGCTGGAAACGGAGCAGGTCACAATTCCCATGTTGATGAGTGATGAGATTGTGCCTAGGAATAGTGCCAGCAACAGCCTGGGCAACATAGTGAGACCACTCTCTACAAAAAAATAAAATTTGCTGGGTGTGGTGGTACAGAGACATGTAATGTCAGCTACTGAGGAGTCTGAAGCAGGGGGATCACTTTGAGCCCCCAGGAGTTTGAAGCTGCAGTGAGCTATGATGGTACCACTGCACTCTAGCCTAGGTGAGAGCAGGACCCCGTCTGACAGAATAAAGAAAGCCATGGCTGGGCAGGGTGGCTCAGGCCTGTGATCCCAGCACTTTGGGAGGCTGAGGTGGGCAGGAGATGGAGACTAGCCTGGCCAACGTGGTGAAACCCTGTCTCTACTAAAAATACAAAAATTAGCCAGGTGTGGTGGCGGGCACCTAGAATTCCAGCTACTCTGGAGGCTGAGGCAGGAGAATTGCTTGAATTTGGGAGGCGGAGGCTGCAGTGAGCCGAGATCATGCCAC
TGCACTCCAGCCTGGGCAACAGAGCAAGACTCCATCTCTAAAAGTAAATAAATCAAACCCTCCCATCAGACCTGGCGCAGCCTGTTAGCAGTCCATGTGGCAGAGGCGAGGAGTGCCACTCCAGCTGCACCGTAGCTGCACTCTGTCTTGGTGTGGGGTTCTGGCAGGTCTGGGAGCTTACCGCACTGGTTGGCAGCAGAGCAGAATTGGAAACAGGGCACGTCTTTCTGGGATGTAAGTCCTGATGTTTCCCCATTAAGAAAAAAGGCCAGGCATCCCAACACTTTGGAAGGCTGAGGCGGACAGATCATGAGGTCAGGATATTGAGACCATCCTGGCTAACAGGTGAAACCCGGTCTCTACTAAAAATACGAAAAATTAGCTGGGCATGGTGGCCGGCACCTGTAGTCCCAGCTACTCAGGAGGCTGAGGCTGGAGAATCGCTTGAACTTGGGAGGCAGAGGCTGCAGTGAGCCGAGTTCACGCCACTGCACTGCAGCCTGGGCAACAGAGTGAGACTCTGTCTCAAAAAAAAAAAAAAGTGTAGAAAAACTTGACTTTAACTTCAAAGTTTAATTTGAAAGTTTAAACAGGCCAGGCGCGGTGGCTCACACCTGTAATCCCAGCACTTTGGGAGGCTGAGGCAGGTGGATCACAAGGTCAGGAGATCGAGACCATCCTGGCTAACATGGTGAAACCCCGACTCTACTAAAAATACAAAAAAATTAGCCAGGCGTGGTGGCGGGCATCTGTAGTCCCAGCTACTCGGGAGGCTGAGGCAGGAGAATGGCGTGAACCCGGGAGACGGAGATTGCAGTGAGCTGAGATCGCGCCACTGCACTCCAGGCTGGTCGACAGAGCGAGACTCCATCTCAAAAAAAAAAAAAAGTTAAAACAATGAGGCTGGGTGCGGTGGCTTACACTTGTAATCCCAGTATGTTGAGAGGCAGAGGCAGAGGCGGGCTGATCACCTGACATCAGGAGTTCGACAGCAGCCTGGGCAATGTGGTAAAACTCTGTCTCTATTCAAAATACAAAATGAGCCAGGCGTGGTGCTGGCATGCGCCTGTATGCTACTCGGGAGGCTGAGGCAGGAGATTGGCTTGAATCCAGAAGGCAGAAGTTGCAGTGGGCTGAGATCACACCAGTGTACTCCAGCGTGGGCGACAGTGTGTGACTGTGTCTCAACAACAACAAAAAGTTTTAATAATGAGTGATTTCTGATGACATAGCAGGTGAAATAGGAACTTACAGAAAGGAAGGGGAATGTTTTGGAGCGAACGGATGGTTTATGCAAGTGTAGCAAAATCTTGGTGATTACTGAATCTGGTCATTATGCTAGTCCCTCTGCTTGTGTACATTAAGTTTTTCCTAAAAGGTTGAGGGGGTGGGTATTTTGCAGAAGGCACTCTTTGGTGCTTTACAAAGATCTTCAGGGTAGGCTTAGGAGGTTTGACTTTCCCATTTTACTCAGGGAACTGTAGTTAAGAAAGGAGACATACTTGGCCGGGCACGGTGGCTCACGCCTGTAATCCCAGCACTTTGTGAGGCTGAGGCGGGTGGATCACGAGGTCAGGAGATCGAGACCATCCTGGCTAACATGGTGAAACACCATCTCTACTAAAAATACAAAAAGTAGCCAGGTGCGGTGGCGGGCACCTGTAGTCCCAGCTACTTGTGAGGCTGAGGCAGGAGAATGGCATGAACCTGGGAGGTGGAGCTTGCAATGAGCTGAGATCGCACCACTGCACTCCAGCTTGGGCGACACAGTGAGACTCTGTTTCAAAAAAAAGAAAGAAAGAAAGGAGACAGACTTTGCACAAAGCATACAGGTCACAGGTAGTACAGTTAGGTCACAGGTAGTAGGCCACTTTGTCCTCGGTAGCCGAATTTTGTGTTTTTGTTCCTTTTTTTTTTTGGATACAATCTCACTCTGTTGCTCAGGCTGGAGTGAAGTGGCGCGATCTTGGCTCACTGAAAGCTCCAATTCCCGGGTTCACACCATTCTCCTGCCTCAGCCTCCTGAGTAGCTGAGACTACAGGTGA
CTACCACCATGCCCAGCTCATTTTTTTGTATTTTTGGTAGAGACAGGGTTTCACCGTGTTAGCCAGGATGGTCTTGATCTCCTGACCTGGTGATCCGCCTGCCTCAGCCTCCCAAAGTGCTCAGATTACAGGCATGAGCCACCGCGCCTGGCCTTGTGGTTTTTTTTCTTGTATTTTTTAGTACAGACAGGGTTTCTCCATGTTGGTCAGACTAGTCTCGAACTTCCGACCTCAGGTGACCTGCCTGCCTTGGCCTCCCAAAGTGCTGGGATTACAGGCGAGACACCGTGCCCTGCCTTGGTAGCTGAATTTAATGCTCAAAGAGACGGCCCCCCTTTTCTACTCCTTAAACTCTGGCATTGTTCACTAGCTTCTGAAATCCTCTGTGGTTCTTGCAGGCACTTCCAGGTTGGCTTAAAGGGTTACCCTAGGCCAGCAGTCAGCTCAGTCAGGGTGGTGACCAAGGACCCTGAACAAGGTGTTTGGTTCCCCGGGCCGACATCAGGACTGGAGTCCAGCCTCCCTGCAGATTCCACAGGTGCTTCCCTCACCCGTGTCCACATTTATCCTTCAGCATCCTGCCTGGAAGTCCTCTGCTGTGCCACCCAGATAGGATTCTCCTAGGCCTTCCCTCCCCCCAGGCGAGTGTGCAGCTGGGTTCTTCCTGAGCCAGCGCCGCAACCACGCGGAGCCGGAGTGTGTGTCTCACACTGACAGCAGGTTCTGATTCATTCTTTTTTCAGTGCCAGGTGGAGCTCAACAGGAAAGTCCTAGCGGATCTGGCCATCTACGAGCCAAAGACTTTCAAATCTTTGGCTGCCTTGGCCAGTAGGAGGCGACACGAAGGATTTGCTGCTGCCTTGGGGGATGGGAAGGAACCTGAAGGCATTTTTTCCAGAGTGGTGCAGTACCACTGAGGACTGTTGCTGTATTGATTAGGAAAAGAGACAGAGTAATTTGCAGTTTGTTTGATTTATACTTTTGTTTATCTACAACCCAATAACAGACATGAGGGATGGCCCTGTCTCTCTGGGACAGAGCCTCACAGATGATGTCCATGTTTTGTGTGAATGAAACTCAAACACTCTTCAGTTTTTAGAGTCATTTTCTGGTATCGAGCGACCACACCGAGGAGCACACCCTGCTTCCAAGGCTGCTGCCTTCTGCACACAGTGGGGGATCCCCACCCACCCTGGCTCCCCTCAAGGGCTGCGTGCACAGTGCCCGCTTTCCAGTTACCTGACCCACCCTGAGTCCCTATTCCATTTTGCTCGGGGCTGACCTCAGACATGCCCTGTGGCTCAGCTCTGCCACTACTCAGAACACCAGCCTCAGCTTCCCTATGTCCCCCAGATTCAGCAGCCCAGCAGGGATTGGGGGAAATGCTCCCACATCAGGTGGGTGGTGGCCTGGTCCCTGCAGACTGGACTGGCTTTTCAGCCATCTCCAGGAAGCAACACCTAGCAGACAACTGTCCCTTAACCCCAAGGGTGATGCACACTTCTCCCCTGGTCTTTCTGCCCCCCGATGCCCCTACATTTACACAGCAGTGCGCAGACCCTTGCCGCAACCTGCTTGTCTTGCTGACCCTGCTGTAGGAGCGCCTAAACTGAGTGCCCGTCTCCCCTCCAAAGGCAGCTGGCTTGAATCCTGTGGGAACGTGCCCTTCACCCTTTGCCAGCAGTTGCTGGGGAGTCTTTCCGGCCCCTTTCTCAGACTCACCACCTACCTCCAACCTGCGCAGAACAATCAGCGTCCTGACCACTTGCTAGAGATGGCTTCAGGCCGACCACTCCATCCTCACTGCAGGCCTTCATTCCTTCTGGCTTCCATCACTGCATGGCCCCCTAAGAGGTCCCCCTCCTGGCCCTTGTCACTGTGCCTCATGACAGCCACTACGCCCTAAGCCTTTGGAGGCCAGGGACAAAGTCTCGTTCACTGTCCTTTCCGCTGCATGAGTGCAGTGTCTGGCCAGGTGCACGGGGCACTCAGTGCCTGTCAGCCCTTGGTAAACAGTCCTGGACAACAGGGTCAAGGACAGAGCCC
TGGGCGGCCACATTCGGTGCGTGCTCCTGTGTTGTGGCAAAGCTGCCTTTTCTGCGTTTCATGTCAGTGAAGGAAGACAGGGATGTGGCAGAGCCCTGCGGGTTGCTCCCATCACTCACTCGGTTTGTGCCATAGTCCTCCTGTTCCCAGGCGGTCCCAGGGCCTGCCCCTGATGGGCTGGAGGCACCACCAACCTCCCACTCCTCTGGCAGTCACAGCTCAGGGAATGGGCAAGCAGCACCAATGAGAAACCAGCTGTGTGGTGGGGTTTCCAGAGAAGAGGAAATTCCTTCTTTCCTGGAGAGCGTGCAGCTGTAACTCACAGACGAGACATCCCTGAGCTACCAGCCTGGGGAAAGAGGACATGAGTAAAGCTGTAACCATACCGTGTTACCCATAACAGGCGGTGAGGAGAGTGGGTTTTGGTTGGCACTGTTTGAGCTGCAGTATCAAGTCATGGCAGAGCTAGTGGACAGCTGACCTGGGGGTGGGGGTGAGGAGCAATGGTGGCTTCTGAATTTGAGCCCGTCTGAGCTGGGCAGTTACTGGCAGCTCAGTGTGTGAACCTGCAACCACTCAGGCCTCTGCTGCCCTTCCCTCTTCCTGCCTCACCGTTCCCTGCCCCACGCAGGCTTCCCCACCATCCTCACCCGTGGTCCTGTACTAGTCCTGGCAAAGGTTCCGGTAACTGCAGCAACAGATACCTCCTGCCCCTCCTGCACAGCTGTGGTCGATCGCAGGACAGCCGCAGGTGATGAAAAACCGTGAACCCAGGACGGGCAGGGCGTGAGACCGCCTGCGGGAGGATCAGCGATGTCAAGACGTTACAAACGCACGAACCCCCTCGCCGTCTCCCTGGCGTTTGTGAGGTCCTGTCCAAGCTCCTTCACACGTAGATCACCGGGCCTCGCTCCCCCGACTCCTTCCGTGGGCCTGAACCTTGAGGTACTTAGGCCTCCCCACGCTGGAGGGGCTCTGTAGGGACGTCGAGGCCACGTTTCCAGTCATCCCTCCACCCGTCTCTCCCCAGGGGCTGAGTGTTGAAGGCAAGACTTTGCAGGAGTCTGGCGTTAATACGCATCCCCAAAGTCTGGAGTCGATAAGGACTGAAGACACGACGCCGACGGCGGCCGGGGGACACCGGGCATGCGCGTCTCATCCAGGGGGAGGCCGAGCGGAGCCTCTGACCCTGCCCCGCGCCCAGGGTTCAGCAGTGGGGGTCGTCCCGCCCCAGATCCCACCGAGATGGCCCCCCTTGACCCACAGGCCTTTCGAGACGCGAGCTTCCGCGATCCGGGGTCTCTGTGCGAACGTGGGCATCTTGGAAGAGTCCCAGCCCCGCTCGGGGCGCACAGGCAGGCGCTCTCAGCACGGCACCCGCGCCTCCGCTAGGGACAGACATGCTTCCGGGTCGGCCGGCACCGCGGAGTCCCCTGGGTAACGAGCCCGCCCCACCCGCGCCAGGTTCCGGCGTCGGCGTTAGGCGCGTTGCTGACGGGCAGGTTATGTAGCCAATTGCGGCTAGGCGGCGTCGCGCTGGTCGCGGGCCGAACCAATGGCACGCGACGGGGCGGGGCGGTGGCGGCCGTGGAGCTTCGCGAGGAGCCGCCCTGAGGGAAGAAGCCGAAGGGGAGTCGGCGGCACAAAATGGCGGCGGCGGCGGCGGCGGCTGGTGCTGCAGGGTCGGCAGCTCCCGCGGCAGCGGCCGGCGCCCCGGGATCTGGGGGCGCACCCTCAGGGTCGCAGGGGGTGCTGATCGGGGACAGGCTGTACTCCGGGGTGCTCATCACCTTGGAGAACTGCCTCCTGCCTGACGACAAGCTCCGTTTCACGCCGTCCATGTCGAGCGGCCTCGACACCGACACAGAGACCGACCTCCGCGTGGTGGGCTGCGAGCTCATCCAGGCGGCCGGTATCCTGCTCCGCCTGCCGCAGGTGAGGGCGCGGCCGCGAGCCTCCGGCCCAGGTAACCGCTGGGGCGGCAGCCGCCTTTGTTGGCGGCGAGTCGGGCCCGCACCGCCCCCGCCTAGACCCCGACCCCAGCCC
CTGCCCCGACCCCAGCCTCGGCGCCATTCCCTAGCCAGCCCATGCCCCTGACCCGGGGCCTCCCCGCCCGCCAGTGCGCTGGATCCCGAGACGGCGGGACGCGAAGAGCCTTTGTGGACGTGGGAAGCGTTTCAGTGTTTGGTTCTGCGTGGGGAGTCCCACGTTACTCGATGACTTTCGGCCGCGAAGGCTTTGAATGGTGCGTTTGAAAATACGGAAACTTTCTTCTACTCTAGGTGGCCATGGCTACCGGGCAGGTGTTGTTCCAGCGGTTCTTTTATACCAAGTCCTTCGTGAAGCACTCCATGGAGGTAAGGCTTCCTCCTGCACTTCATTCCCAGCGAAGTATGTTGAGGGTAAAACGGTTTGTTACTTTGCCCGGTTACTAAGGGAGTGAGTACTTGCCCCCCAGTCTGAGCTCTGTGCCGGAGGGTTCTGTTTCTTGACTTTTTTTTTCCCCTGGGTGCACCTCCCTTTTGGTCTGAATAGCCCTCAAGCCTTTGGCGGCCGTCAGGACGCCGTGGCTGGGGACAAACATGGGCGTGTTGCAATGCTTCCGCTTCAGCATGTGTCAATGGCCTGTGTCCACCTGGCTTCCAAGATAGAAGAGGCCCCAAGACGCATACGGGACGTCATCAATGTGTTTCACCGCCTTCGACAGCTGAGAGACAAAAAGTGAGTCAGTCAGAGCTGTCTAGTCTATCATAGATGCCTATTTTCTTTATTTCTGATTAAGTTACAGTAAGGCTTGTATAACACAATACAGGCCTGAGGCTCTAAACCTGTGGGATATTCATGAGCGCAGTCTCAAGCTCCACCAACAGAGCCTGCTCAGAGGCATCAGTAGATGCGGTTTAGTAAGGGCAGGGGCTCCAGTGAGGACAGTGCGCTGTGGCGGGTCGCGCTGGGGCTGGCTTCCTGCTTTACCCATGTCAGTGCACGGCCCTGCTGCTGCTTCTGTCCCACAAGTTTCTGAGTGCTCTGGAGCAGGGAATCTTAATCTCAGCACTATTGACATTCAGGCTGGATAATCTTTTTTTTCCTCCTGAGACAGGTTTCCTGTTGTCCAGGGCAGAGTGCGGTGGTATGATCATGGCTCACTACAGCCTCAACCTCCTAGGCTCAAGAGTTTCTCCTGCCTCAGCCTCCTGAGTAGCTGGGACTATAGGAGCACGCCAACCATGCCAGCTAATTTTTATTTTTTATTTGGTAAAGATGGGGTCATGCTGTGTTGCCCAGGCTGGTCTCAAATTCCTGGGCTCCAAGGATTTGCTGGCCTTAGCCTCCCAAAGCACTGGGATTACAGATTTCAGCCACCGCATCTGGCTGGGTAATCTTTAGTTGTAGGGGATTCTCCTGTGTGCTGCAGGATTCAGCAACATCCCTGGTCTCGACTCACTGGATGACAGGAGTACCCCACCTTAGATGTGACAGCCAGAAATTCTCTCATACCAGATGTGGGAGCTCACACCTGTCATCTCAGCACTTGGGAGACTGAAAAAGGAGGTTTGCTTGAGGCCAGGAGATTGAGGCTGCAGTGAGCTGTGATGTCACCACTGCACTCCAGCCTGGACAACAGGGTGAGGCCCTGTTTCCAAAAAAAACGAAAGTCTGTTGATGTTGCTTCATGGCCCTGGAATAGTAAAATTTCTCCAGCAGAGAACCGCTGCCTCTGACCTTAGCCCAGGGTTTATGCACCTGAAGTTAATTGAAGTCCTTTAGAAAACACAGCCTCTGGCCGGGCTGGCCTGTAATCCCAGCACGTTGGGAGGCCTAGGCAGGTGGATCACCTAAGGTCAGGAGTTCGAGACCAGCCTAACCAATATGGTGAAACCCTGTCCCTATTAAGAACACAAAAATTGGCCAGGTGCAGTGGCTCACGCCTGTAATCCCAGCACTTTGGGAGGCCGAGGCGGGTGGATCACGAGGTCAGGAGATCGAGACCATCCTGGCTAACACGGTGAAACCCCGTCTACTAAAAATACAAAAAAGTTAGCCAGGCGTGGTGGCGGGTGCCTGTGGTCCCAGCTACTTGGGAGGCTGAGG
CAGGAGAATGGCGTGAACCCGGGAGGTGGAGCTTGCAGTGAGCTGAGATCGGGCCACTGCACTCCAGCCTGGGCGACAGAGCAAGACTCCGTCTCAAAAAAAAATAAAAAAAAAATTAGCCGGGTGTGGTTGCGGGTGCCTGTAATCCCAGCTATTCGGGAGGGTGAGGCAGGAGAATCGCTGGAACCGGGGAGTTAGAGGTGCAGTGAGCTGAGATTGTGCCATTGCACTCCAGCCTGGGCAACAAAAGTGAAACTCTGTCTCAAAAAAAAAAAAAAAAAAAAAAAAAACAGCCTTGCCGAGCGCAGTGGCTCACGCCTATAGTCCCAGCACTTTGGGAGGCCAAGGCGGGTGGATCATCTGAGGTCGGGAGTTCGAGACCAGCCTGACCAACATGTAGAAACCCCATCTCTACTACAAATATAAAATTAGCTGGTCGTGGTGGTGCATGCCTGTAATACCAGCTACTTGGGAGGCTGAGGCAGGAGAATTGCTTGAACCTGGGAGGTGGAGGTTATAGTGAGCCAAGAGCGCGCCACTGCACTCCAGCCTGGGCAACAGAGTGAGACTCCATCTCAAAAAAAGAAAAAACATGGCCTCATCGGCCTCCCAAAGTGCTGGGGTTACAGGTGTGAGCCACTGCACCCAGCCCTTTTTTTTTTTTTTTTTTTCTGAGACGGACTCTCACTGTGTCTCACCGTGTCACCCAGGCTGGAGTGCAGTGATGCGATCTCGGCTCACTGAAACCTCCGCCTCCTGGGTTCAAGTGAATCTCCTGCCTCAGCCTCCTGAGTAGCTGGGATTACAAGCACCCGCCACCACGCCCGGCTAATTTTTGCATTTTTTTAGTAGAGACAGGGTTTCACCATGTTGGTCAGACTGGTCTTGAACTCCTGAGCTCAGGCAGTCTGCCTGCCTCGCCTCCCAAAGTGCTGGGATTACAGGCAGAGCCACTGCACCTGGCCCATCTGTATTTAAATAATTGTGCTTTCATTGGTTCTGTGGTTATTGAACTGTGAATATGTACCTTCCTATCGTGAGTCACATAAAGTGCTTTAGCATTTGTGCCACGAGATCCTAAAACTTGCTATGTTCGGTCTATGCTTGTGCACCAGAAGCTGTTGATCTATAAGGAAAAGCAGGGAGGGATCGTTGGGAAGGGATGAGGAGGTTGGCACTGGGCTGTGGGGAGCGGTGTGCAGTTTTGTTCATCAGAGGATGTGGACTTCATAGCGATGTTGTGTTGTGGGGTTTGTGTTAGGTGCTCATAGTTGGAGGTAACGACGGGATCTCAGAAGCCTTGCTCTGCTTGACTGTGGTGCAGACCCTGTGCTCTCTCTCTGGCAGGAAGCCCGTGCCTCTACTACTGGATCAAGATTATGTTAATTTAAAGAACCAAATTATAAAGGCGGAAAGACGAGTTCTCAAAGAGTTGGGTTTCTGCGTCCATGTGAAGCATCCTCATAAGGTGGGTGTGCGGCTCCTGCCCTGCGAGCCCGCCTAGGCCGCTGCTCCTGCCTGGCCGCCTCTCTCCACCTCAGTGCAGTTGAAGGCTCTGAAGAGGACTGAGTGCATCCCTGACTTGGCTTTCCAGTTTCTATTTATAATCTCAAGAATAGTTCCTGACGTATTCGTCTTCTAGTGTCAGCTGTTTATTTTAGTAACACATTTTTAAGTGTTTTGGAAATGGTATTATTTAAGTTTGGGCTTTCAAAAATAGTGGTGAGTTTATAAATGTTGAATTTTAGTTTATGTTTTCCTTTCTCTACAGTTAATTTTTTTTTGTTTTCTTTTTTTTTGAGATGGAGTTTCGCTCTATCGCCAGGCTGGAGTGCAGTGGCATGGTGGCAGTGGCAGTGGAGGCACAACCTCCACCTCCCGGCTTCAAGCCATTCTCCTGCCTCAGCCTCCTGAGTAGCTGGCACTACAGGCACGTGCCACCACGCCGAGCTGATTTTTGTATTTTTAGTAGAGACGGGGTTTCACCATGTTGGCCAGAATGGTCTTCATCTCTTGCCCTCGTGATCCTCCCACCTTGGCCTCCCA
AAGTGCTGGGATTACAGGCATAAGCCACTGTGCCTGGCCTTTTTTTTTTTTTTTTTTTTTTTTCTTGAGACGGAGTCTTACTCTGTCATGCAGGCTGGAGTGCAGTGGTGCAATCTTGGCTCACTGCAACCTCTGCCTCCCAGGTTCAAGTGATTCTTGTGCCTCAGCCTCCCAAGTAGCTGGGATTACAGGCATGCGCCACCACACCTGGGTAATTTTTGTATCTTTAGTAGAGATGGGGTTTCGTCATGTTGGCCGGGCTGGTCTCAAACTCCTGATCTCAGGTGATGCACCTGCCTCGGCCTCCCAAAGTTCTGGGATTACAAGTGTGAGCCACTGCACCCAGCCTCAACAGTTAATTTTCTACATTTGCTTTAGTGATAGCTTTACTTTCTCTTATGGAGAAATTAGGGGAATTCTGGCCCCTTTAGTCTGAAATGACTGGCGAGTTTTGCGGCATGTACTGACTGAGGACCATGGCCGTGACACGGTCCCTCACTCCCAGCGTTGTGGGTGCCTTCTGTGTCACATGGAAACAAAGCACTTGTTTTCCCAAAAAATTGTTTCCATCTTTGGTTCCATCTCCTTTTTATTGGTGGGTTTCCTCATCTGCTTGTTCGGCTTTCTGCCATCTGTTCAAATTATCCACAAATTGCCCACCACAGATTGAAGTGCTTTTTTTTTTTTTTTGGAGACGGAATCTCGCTCTGTTGTCCAGGCTGGAGTGCAATGGCGCAACCTCAGCTCATGCAGCCTCCGCCTCCTGGTTTCAAGCGATTCTCCTGCCTCAGCCTCCTGAGTACCTGGGATTACAGGCGTGCACCACCATGCCTGACTAATTTTGTATTTTTAGTAGAGACTGGGTTTCTCCATATTGGTCAGGCTGTTCTCGAACTCCTGACCTCAGGTGATCTGCCCGCCTCAGCCTCCCAAAGTGCTGGGATTATAGGCATGAGCCAGTGTGCCTGGCCTGAAGTGTTCTTCTCTGTTTGCTGAAAGTATGTTCATATTGTGTTTTGGTGAGTTGTTAACTGGGATACAGAGACGTGTAGGACAGGCCAACCTCACTGGTGGAAAGGCATTGAAGACTAGAATGAAACCAGCCCCATGAAGAACGAGGCCTGTGCCGTGGGTTGTGTGGCTGGGCTCACGGGCATGCGTCCTGCCTGGCTGCCAAGGCAGACAGCAGGTGCAATCGCAAAGCTCCCTCCAGCTGAGCCGTCCGCCAGACGTGTGGCCAGGAGCCACTCCTGGGATCTAGCTTGAGGCTCTTGTTTGCTGCATGGACACCCACAAGATCTGAATTCTGGGCTCTTAAGGTTCTTGGTAATAACTGCCTGACCCGTATCTTCCAGATAATCGTTATGTACCTTCAGGTGTTAGAGTGTGAGCGTAACCAACACCTGGTCCAGACCTCATGGTGAGTTGAGCTTCCTTGTTTTATGAGACCAGCAAGGGCAGTGCAGGAATGTGTTGACTTGAGGCACTTGGGCAGTGGGTAGGCAGCCCAGTGACTTGGTTGTGGGCTGGAGTTGTCCGAGTGCCCAGTGCTCCTGCTGTATAAATTCCAATCAGACTCCCAAAATGGGCACTGGCAGTCACGGTAGGTGGCCCGTCCCCTCCCTGCAAGCCTGGACTTCCTGTGTCCCCCACCCTGAAGAGAGCAGTCAGTGGGCTTCCTCTGGGAGCTGTTGACTTGGCGCAGGGGGACCTTTTCCTGGGGAGGGTGGAGGGACAGGCTAGTGCAGACTTGGTCTGTTTCTCCACTGACATTGCATCCCATGGGAGAGGGGCAGAGAAGGTTCTGGGGCCGATTTTAGCAATGCATGTGCTAGAAAGGAACCCTAAAGTGCAATGTAGTATTTGGGGGATTCTGGGGATTCTGGTGAATTTTTTCCCATGGAGTTAAGTCTGTAAGGGTCATATTTTTGCTGACTGAATTGTCTGGTGCTATGACATGTTTAATAGAGAACCTATTTTGACTTTTCTTTTCTGTACTCTTTCAATCAAAGGGTAGCCTCTGAGGGTAAGTGACTAAGACTTCTC
CTCTGCTGTCCAAGCGCTTTGGTGCAGGGACAGCGGCATCTTCAGCCAATCCAGTGCAGGCTCTCCACCGAAGGCTGGCTCTAGACTGGTGGTACGCACATAGCATAGCCATGGCCGACTCCTGCTGTGGTTCTCTGACGATTGTGCTTCTTGTTAATCCTCTGTCGTGCTTTGGTAATCGTATTGATTAGAGTTGGTAACTGTCTTGACTTGAATTTTGTCCCTTTAAAACTGCTGTACCTGTATGATAAAGATGCAGTACCTTTCTCTTAAAAAAAAATGCTATGGAAAGCTGTGAGAATTGAAGAGACAAATTGGCTGTGTCAGTGTGGGGTTATGTCATGATTTCTAGAAGCCCTGAAGTTGCTCTTTTGAGCAGCTTTGCATGACACGCTCTGGTAAAAGGTGTGCATCTTTAAATTATTTCATGGATACTTTGAAAAATATTGTATCACTTCAAATACAGCAATAAGTTTATATGTTCTCAAGATTTCATTTGTTTTTAAGAATTTTAAGTTCGTGGATTAATATCACTACTTGAATACTGACAGTTGTTGATTAGACACCGAAAGGTTACTGATTGTTGAATGTATCTGTGTTAGAGCTGTGCACTGGCACGCTTGCATCAGGGGCTGGGGCCACACGGCCGCCACACAGATTCCCCCGTGATGCCTGGAGCTGCTTCCAGAGCCGGGTGTCTCCAAGAGGCACCTGTAGGACTTCCCATTTAGAAATCTCTTGAGTGGGTTTGTATGTTACCTTCTCCAAGGTTTATTTAGGACAGAGATATTGCTGGAAGGTCATGGGTCAGATTCCCTCACAACCCACCTCGTCTGCGGGTGCAGCCCCACTCCAAGGCTCCCCGTTATTGGGGTATGTGAGGAGCAGTAAATATAAAACCAGTTCAACTGTCCTCATGGAATCACCCTTTCTGTTTTTGCAGTATTCATAAAGCTAGTGTAAGGTCTGGTTTTAGTCTATTAAATCTTAGAGATCTAAAGGAAATGCTCAAAATGTAGCCAGGTTTTAAATGCTTTAACTTTTAAAAAATGTAAATTTTTGTATGTTTATAGCTTCTAAATATGAAAGTTAAAGAATGTACTGTGATGAAATGTTCAGTATTATGTTGCTTCTCAGTATCATGTTGCTTCTCAGTATTGTGTTGCTTCTGATTCTATGAATGTTCATTTTAAGACCCCTTGTTGAAATGGGACAGTTGGCAGCGGCTCTGATGAGCCCGAGAAGAGGCCTGCCCTTGGGTGCGGAGTCTCCCTCCGCACGATGCTCCCACGCGTCCAACTTGCACCCAAGGGGCTTTTCCCTCTTCCAAGTGGACTCCTTCAAGGAAGCTGCAGCTCGGTCAGCAGAGAAGGGGCCTGCCGCCAGCGCCCTGGAGGAAGAGGAAGAGGAACCCAAGAGGATGGCTTGTCTCCCAGCAGCCACACCGGCTTTGTGCTCAGCCAGTTCATTTGAGTTTGCATGTTTCTCTGCACTATGGATTTTGAGCATTTAGATTTCTTTAATCAAAAGCGTTTTAGTGACTCCAGTAGACATTTTCTTTCTGAGGCATCGTGCTTTGCATGAGAGCAGGCCAAGGTTGAGGGGAAAAGTAAAGTTAAAGTCGGTTCTCTTTCATAGCAACACGTATTGTCTGACATTCAGCCAGCTTTTTTTTTTTCTAATAATTTCTGTGCCTTTCTGTCCTGTATTTACTGTATTTAGAAAAAGCAGCTAGAATATTTCTCCATTAACTCTTGAGATTCACAGGACTGTCTAGCTCTGAGTCCTAGCAATAGACTCCTTAGAGGAGTAGTACGTTTATCTAGATTTTCTCTAGATAATGCAGGCGGAAGACCTGGGTTCCCGGGTGGGGCATTGCAGTTCTTCCTGTGTTTGGCTTCCAGGAATTACATGAACGACAGCCTTCGCACCGACGTCTTCGTGCGGTTCCAGCCAGAGAGCATCGCCTGTGCCTGCATTTATCTTGCTGCCCGGACGCTGGAGGTCAGTGTGTTGCTACTATGGAGAGATTCTAGTCTGATTTTT
TTTTCTCCAGCCTCCAGTAAACTTTACTGTGTTATTCTTCAAATTACTCTAATCTGGGCCAAAGCATTTTCGTGACCAACAGGCTGTTTTTTAATTGTCCTGAGTCTTGCTGGCCGTGAAGTTGAGGAAAGTGTAATGATGATAGTGTTTGTTTTTACAGATCCCTTTGCCCAATCGTCCCCATTGGTTTCTTTTGTTTGGAGCAACTGAAGAAGAAATTCAGGAAATCTGCTTAAAGATCTTGCAGCTTTATGCTCGGAAAAAGGTTCTTCGGCATTTTTTCATGTAACGTATGCGTTTGTGTTTGGCCAGAAACACCTGGTTCTGAACGGACACCTTCTGGCTTTTGCAGGTTGATCTCACACACCTGGAGGGTGAAGTGGAAAAAAGAAAGCACGCTATCGAAGAGGCAAAGGCCCAAGCCCGGGGCCTGTTGCCTGGGGGCACACAGGTGCTGGATGGTACCTCGGGGTTCTCTCCTGCCCCCAAGCTGGGTGAGTCTGTTAGAGTGCAGGAATCCACTCCCCACAAAGGCAAAGACTGGTGACTCTCCCCCGCCTCCATTCTGGGGTATGTGCTCCTTCCAGACATTTTTTTTTTTTTTTTTTTTGAGACAGGGTCTCTGTCACCCAGGCTGGAGTATGGTGGTGTGATCGCAGCTCACTGCAGCTTCCAACTCCTGGATTCAAGTGATCCTCCCACCTCAGCTTTCTGCATAGCTAGGACTACAGGCACATGCCACCATGCTTGGCTAATTCTTTTTGTTTGAGACAGAGTCTTGCTCCAGCCCAGGCTGGAGTGCAGTGGCGCAATTTCCTCTCACTGCAAGCTCCGCCTCCTGAGTTCACACCATTCTCCTGCCTCAGCCTCCTGAGTAGCTGGGACTGCAGGTGGCCACCACCACGCCTGGCTAATTTTTTGAATTTTTAGTAGAGACGGGGTTTCACCAGGTTAGCCAGGATGGTCTCGATCTCCTGACCTCGTGATCTGCCCACCTCAGCCTCCCAAAGTGCTGGGATTACAGGCGTGAGCCACCGTGCCCAGCTGTGCTTAGCTAATTCTTTATCTTTTTAGTTGAGTCTGGGTCTTGCTATGTTGGCCGGGCTGCTCTTGAATTTCCTGGCCTCAAGTGATTGTCCTGCCTCAGCGTCCCAGAGTGCTAGGAGCATAGGCACCTGGCCTTTCTGTTGATTAGCAGGGAGTATGACAGGTTGTCTGAAATGCTTTTGTTTATCCTGCTGCCCAGGTAGCTTGTCATCTGATGAAGGTGTTATAGTGTGGGGCCATAGATGATACACGTCATCAGACCTAGAGTTCAGTGTGATGCAAAGGGCCTGTCTGCAGTTCTTTTTTTTGAGATGGAGTCTCGCTCTGTCGTCCAGGCTGGAGTGCAGTGGTGCGATCTCAGCTCATTGCAAGCTCCACCTCCCGGGTTCATGCCATTCTCCTGCCTCAGCCTCCTGAGTAGCTGGGACTACAGGTGGCCGCCACCACGCCTGGCTAATTTTTTGTATTTTTAGTAGATATGGTGTTTCACCGTGTTAGCCAGGATGGTCTCAATCTGGCTTCGTGATC','2000-11-30 13:05:37');
INSERT INTO dna (dna_id, sequence, created) VALUES (366500,'GGCCTGGGCGGCGGAAGTGCGCAGCCGCGCGGCATTCTGGGGCCGGAAGTGGGGTGCACGCTTCGGGTTGGTGTCATGGCAGCTGCGGGGAGCCGCAAGAGGTAAGCCGCGGGTCCGAGGGCCGATTTGGCCTCCCGGTGGGTGTCTGTATCCAAGGGGGCTTTTCTTGCTCCTCTCAACGGGGCTTGGGCCAACTTGGCCTTCCGGCCACTTTGACTTCTTCCTTAACCGCAAGCCCCTGGCCGAACTTGACGGTGGACAAGTTCCTAGCTTTCGGCCTTTGACTCCGAGTCCGAATCCGAGTCCGAAAATTCTCCACAAGCGGAGACACGGGAAGCACGCGAGGCTGCCCGGAGTCCGGATAAACCGGGCGGGAGCCCCTCGGCCAGGTTAGTGGGGACATGCGTGAGCAGAACCTCTTGCTCGTCCTGTCCCACCCCGGTTGGGTTGCTGACCTCCCCTGGGGTCTCAGGGCCAAGGCCTAAGGATCGCCGACCTCTGCCCCCAAGTCCTTTCAGCTTAACTTACTCTTTCATCCGATGTTTACTGAGCTCCTGTTCCGTGCCAAACTCTGTCCTAGGCAGGGAGCGTATGTTGGTGAGTTGTGCAAAAATCTCTTCCCGATCTAGGAGAACTCTCACGTTCTTGGGTGAAATCACCGCCTGCAGTTCGGTAGAAGAGAGATAAGTGCTGGGGAGGGAAAGGAAGGACAGAGGGGCTGAAGAGAGAGTTGCAGGGGAGCCGAGTTGCTCTGTTAGAAGGAGCGGAGGCTGTGCTCGGTGGCTCACGCCTGTAATGCCAGCACTTTGGGAGGCCGAGGCGGGCAGATTACCTGAGGTCAGGAATTCGAGACCAGCCTGACCAACACGGAAAAATCATGTCTCTACTAAAAATATAAAAATTAGCCGGGCGTGGTGGGCACCTGTAATCCCAACTACTCGGGAGGCTGAGGCAGGAGAATCGCTTGAACTTGGGAGGCGGAGGTTGCAGTGAGCCGAGATGGCACCATTGCATTCCAGCCTGGGTGAGAGAGTGAGACTCCATCTCAAAAAGAAAAAGAAAGAAATCAAAAGATACAAAAATTAGCCTGGCGTGGTGACACACACCTGTCGTCCCAGCTACTCGGGAGGCTGAGGCAGGAGAATCGCTTGAACCCGGGAGGCGGAGGTTGCGGTGAGTGGAGATTGCGCCACTGCACTCCAGCCTGGGCGACAGAGTGAGATTCCGCCTCAGGAGAAAAAAAAAAAAAAAAAAAAGCGGAGGTGGTTGTTTGAGAAGATGACGTCTGAATAAAGACCTCGAACAAGGAGGCCACACAGACAGTAGGGGAAACGTGTCTTAGGATTTCAGGCAGCAGAAAACAGCAAAAGCCTTGCAGTGGGAGCATTTGGGGAGAGTACAGAGGTAAACGTGGCTACGGCAGGAGTGAGGGGGTGAATAGGGGTAGATGAGCCCAGAAGGGTGATGAAGAGCCAGGTGCCGTAGACCGTCATAAGATTGCCTCGTAAAACAGGGAGTTACTTCTGGGTTTGAGCGGTGGAGTGCCTTGTAGGTGACAAGGGTGGAAACAGAGAGACCTTTAGGTTAACTGAGAATTGAACTATGTGGTGGTTTGAGAGGAGGCACGAACGGTTTTGAAGGTGTTGCTGATGAGATCTGATGACAAGTTGCGTGCTGGGTATTAGAGACAGAGATTTGCCTTTAGTCTGAGCCTCTGGAAGGGTGAAGCCACCATCAGGCAAAAGTAGCGCAGGGCACAGGCACAGCAAGTCCAGGGAAGACCGCGGCTGGGGGCCTGTGTAGCGCAGGGCGCAGGCACAGCAAGTCCAGGGAAGACCGCGGCTGGGGGGCCTGTGTAGTGTGTTTGAGGGTATGTTGTAGAGGTTGTTGGGTAGGAGACGTGAGTCTGCCAAAAACGTACCTCCTGGCAATCCTGTCTTGCTAGTTGGTAACCCTTGTGAAGGGAGTAGACTGACCCTGTAGGCC
ACTCCCCGCCCCCTCTACTTCCACTTCCCACTGGGGTCGCTGACTTCTGCCTCCTCAGCCGGCGTAAAGGCCGTGCCTCTGAGCACAAAGACCAGCTCTCTCGGCTGAAGGACAGAGACCCCGAGTTCTACAAGTTCCTGCAGGAGAATGACCAGAGCCTGCTAAACTTCAGCGACTCGGACAGCTCTGAGGAGGAAGAGGGGCCGTTCCACTCCCTGCCAGATGTGCTGGAGGTGAGGGCGTGGGCCAAACCAGAAGGGGGGCACTTGTCTCTACACTCTCCTTCAGCTCAGCCTTTCTGTGCAGGAAGCCAGTGAGGAGGAGGATGGAGCGGAGGAAGGAGAAGATGGGGACAGAGTCCCCAGAGGGCTGAAGGGGAAGAAGAATTCTGTTCCTGTGACCGTCGCCATGGTTGAGAGATGGAAGCAGGCAGCAAAGGTGAGCAGCAGCCAGGGGCGGGCAGCTGGGTGCCCAGGCAGAAATCTGGCCTTGCCTCACCTGAGGTGAGCAGCAGCGAGGGGCGGGCAGCTGGGTGCCCAGGCAGAGATCTGGCCTTGCCTCACCTGAGGCGCCTGAGGCTGTGCTGGTGGGAGGGGCTGTTCTCCACGCAGGGGACGCTTGGAGCCTTCTTCAGCGCAAGTGACAACACGTTGCTCCTCCTGCTTGCTTGGTTGCCCCAGGACTGTGTGTTCACTTTTGGGTAGATTCCAGGGGCTCTGTTGGCGCCCCACTCCCCAAAGTCAGTCCCGCTGTGGGTGGGACGGACTGTGCCTTTGTTGGTTGGTGGAGCTGGGGTCCTTCTGAGCCTCTCACAGTGTTTTTTTCCAGGGACAAGGATACGGAGAGCTCCAGATACCACCTGGAGGTGGCCATAGTCCAGGATCTGGAACTCCCAGTCCTTTTCCTGGGGCTCCTGAGCCAGACTCCCTCCTCTTCCCAGAGAATTCTAGACTTTGTTTCCATTTTTGTTATCAGTATGGGGCTCTGTGCCTCCCCCCAACCTCTGCCCTATGTCTGAGGGTGAGGGTGAGGGTGCCTTTCTCTGGGGCTGCCGTTTCCACTCTGCCAAGTGCAGTCTCAGCTCCCCTGACGCCCCTGGTACTCTTGCTCCTTCAGCAACGCCTCACTCCAAAGCTGTTCCATGAAGTGGTACAGGCGTTCCGAGCAGCTGTGGCCACCACCCGAGGGGACCAGGAAAGTGCTGAGGCCAACAAATTCCAGGTCACGGACAGTGCTGGTGAGCTTGGGGGGAGCCTGGCATCCAGGCTGTCTGTTGCGTTCTCTGTCCCGTGAGTACATCCAGGCCTTTTCGTTGCAGCATTCAATGCTCTGGTTACCTTCTGCATCAGAGACCTCATTGGCTGTCTCCAGAAGCTGCTGTTTGGAAAGGTGGCAAAGGATAGCAGCAGGTAAGAGGGGAGGGGGTGAAGGGGGGTAGGGTGGAAGGTGGGTCGGGACCACACACAGGAGAAGCCAGAGGCCTTGTGGCTAGGACAGAGACATGGCAACAGAGCCAGCGTCTTCTTGGGGACCCTGAGAAGGCAGCGGGGCACGAGGGACCGTTGGGAGAGGCTGGGCACTTGGGGCCAGTTGGAGCGGCCCCACCTTCTTTCCTTCCTGAAAAGGGAAGTTGTCTGCTCAGAGTCTCAGAAGGTGTGGCGTGTGCAGCTGCCTTTGCTCTCAGATTTTCCCAGGTTAGGGTTCTTGCTCTATTTCCCTTTGTAAGAACTTGTAAGTCCTGTCCATACTCCTTGATCTCTGCACTATGACTGGCCTGTTTCCTGGAGCTGTGTGTGTCTGTAGACAGGGGCCTCATCAATGCTGAGAACCTGAGGGCCTCAACTTCCCCTTTAGAGAAAGATTGGGCAGAGAAGGCCGTGGAAGGTTTTCAGAGAAGAGAGACGCACGGCCAAGCATTTGGTAGAGCATGGAGCACGTTGGGGTTCCGGGGCTGTGCAGCCATGTGACCTTGAGGCAGTGGAGGCCTAGAGTTGGAACTGCCCCAGGACACCTTCAAAGGAAGAAAGGAGACCCACAGGAGAGGTC
TCGCCGACAGCGGCTCAGGAGACAGGGGCACTGTTGCTGGTGGTAGTGGTCGGGGCTGGACGGATAGAACAGAGCCATGTCCACATGGAGGCAGTGCTGTCCGAAGGGGACAAGGAAGCTGGCAGATGGGGGTGGAGGGACAGGCAGCGATTGGGAGGCAGCACGCACTGCAGCCTGAGCCACCAGGTCAGGGACCCCTGTCGAGGCAGCAGCTGTACCGGAGGGAGTCAGGCCGTGGGGAGCAGAGCTGCCTCCTGGGTCTGGGTGGGCAGCTGCAGGTGCCCAGCAGCCAGTGTCAGCACAGGTGTGAGGAGGGTCGAGGACGGGGGGCCTTTCTGGGGCCCTGCCCTTTGTCCTTCCCATGCTTCAGCAGATTTTAGTGAGCGCCTACTGCGTGGGCTCTGGTAAATGTTTTGTTTTGTTTTGTTTTGTTTGTTTGGTTTTTGGTTTTTTTTTTTCCTTACGAGATAGGATCTTGCTCTGTCGCCCAGGCTGGAATGCAGTGATCATAGCTCACTGCGACACGTACCTTCTGGATTCAAGTGATTCTCTCACCTTAGCCTCCCAAGTAACTGGGACTCCGCCACCAGGCCTGGATAATATTTTGTATATTTTTGTAGAGACGGGGTCTCACTGTGTTGTTCAGGCTGGTCTCAAACTCCTGGGCTTGGAGTTTGATCCTCCTGCCTTGGCCTCCCAAAGTGCAGTGAGTACTGGCATGAGTCTCCACACCTGCCCTCTGATTTTCTTTTCTTTGTGCAGCAAATGTGGGCCAAAGGAAACCAGTCTGCGGCAGTTGGTGGTGCCTGGGCGACCCCAGAGGTGCTGAGTACCAGCTGCTGGGCTTAGGGACCTCGTGTGGTCTCACGGTGGGGATGTGATCAAGGGGACCTAGAAAAGGTTTATGTCTGAGAGGGAGTTGGAGGCTGGGACTTCCGGGGACTCTTAGGGCGGTGGCCAACCCTGGGCAGGGCAGACAGGAGTTCAAGGCCACTGAAGGAGGAGCTAATGCACTTGAGAGGGTCCTCCTAAGCCCCTGTGTCTGTCCAGCTGTAAGGGGCCCTGAGCTTTTTTGAGTGGAGAGACGGGGGGTCTCTGCAGAGTCGTAGAGGCTATGCTGGCCAGGGCACGCGCCAACATGCTGAGCAGCCTCGCGTCCGAGCCGTGGGGCCTCCCAGCCAGGGGTGGGTGGTCTCTCTGCAGGATGCTGCAGCCGTCCAGCAGCCCGCTCTGGGGGAAGCTTCGTGTGGACATCAAGGCTTACCTGGGCTCGGCCATACAGGTGCTATTCTGGTGGGGAGGGCACGGGGGCCTGGCTGTATCTGGTGGTCGGTCCTTTTTTGTATCCCAGAATACATGGGTTTGGGGCTTCACTGTCCCCTCCTGCCCCCAGCTGGTGTCCTGTCTGTCGGAGACGACGGTGTTGGCGGCCGTGCTGCGGCACATCAGCGTGCTGGTGCCCTGCTTCCTGACCTTCCCCAAGCAGTGCCGCATGCTGCTCAAGGTTCGTGGCCCAGTCCCCTCCCTGTGTCTGTCATGGGGTCGGGGGGCCACACGGCTACCCCCACCACATCCCACTCCTGGCCAGGGCACAGGTGGTGCCCACACTCCACTGGCTCCGCTTGGCTAGAGAGGCCACAGAAGCACCTGGCCCCCACCCCCACCTGGGGTTTCTGTCTCAGGCAGTCCCTGCCTGCCCGGGCAGCGCGGCTCAGTCCGTGAGCAAAGCCACGGTGAGGTATCTTCTTCCCGGTGTGATCTCACATACGTCGGCGTGTCTGACGTGGTAAACTTTTGTGGTCCTCTTCTCACAAGGAGCAACACACCTGTTCTGTTCACTTCTGTAACTGAGCACCTAACTCACGGCTCCCCCGAGGTGCTTTGGGAAGAGCTGGTGGCCATGGGAGCCTTTGCCTGGCTGGGGAGGGCTGTGCTGGCCCTGGGGCATCCCTGCTGAGGAGGCTGGGGGGCCACCAGTGACGTCTGACCTTCTGCAGAGAATGGTGATCGTATGGAGCACTGGGGAAGAGTCTCTGCGGGTGCTGG
CTTTCCTGGTCCTCAGCAGAGTCTGCCGGCACAAGAAGGACACTTTCCTTGGCCCCGTCCTCAAGGTAGTGGTGGGCCCTGCGTCTGTGTCCCTCAGCATCTGCATTGGAAATCTCGGCCTAAGGGCAGGGCGGGCTGCCTTTGTGGTTGGTGCCCCTCACTGGACCCTCACTGCAGCTCTGAGCAGACCTGGGCCCTTGGATCACGAATGTCTCACAGAGCACCTGGGGGTGGTGGGCAGGGAAGAGAGCCCTCGGCCTTCTCAGGGCCCCACCTGGACCCTGCTTCACACAGCTTCCCCAGGGGAGGGCCTCTCTGGCTGGAGGAGGACACTGGGTGTTGGGACCTGAGGCCATGGCCAGGGTACAGTCCTACTGCCCGTCCCCAAGCCATGGGTGGCCTGCATGTGGGGACCCTCAGCCCCCAGAGGGGCCCAGTGTGCAGCAGGAGCTTCTGCCCCAGCTTCTCCCAGGCCTGAGGCTGGTGGGCACTTGGGGGTGGGGGCTGTGCAAGGGGCTACGGCTCTTCCTCGAGGCCCAGCTCTGAGGGAAAGGCCCAGGTGTTCACAGGGGCCCTGGAGTGGGCGGTGGAGGTGCATGGCCCTGATCCCAGGTGGCTCTGACCCGGGTCTCTCCGCAGCAAATGTACATCACGTATGTGAGGAACTGCAAGTTCACCTCGCCTGGTGCCCTCCCCTTCATCAGTTTCATGCAGTGGACCTTGACGGAGCTGCTGGCCCTGGAGCCGGGTGTGGCCTACCAGCACGCCTTCCTCTACATCCGCCAGCTCGCCATACACCTGCGCAACGCCATGACCACTCGCAAGAAGGTGTGTGGTGGGGCCCTTCCAGGCTCATGCTGGGCATGGGGTGGGGCAGCCCAGGTGCCCGACCCAAGGCAGGGCCTGGGGCCTCCCCGAAGCCCCTGTCTGGAGACAGCCCAGCACCCTGGTGCAGTCGGTCCTTGCAGGTGGGGGAAGGGTGGATGGGTTGAGACCCCGTGTGCAAGATGAGGAAATGATTCCTGTGCCGGCCCAGGAGGAACGTGCATCAGCCTGACTTGTCAGCCTGGCCAGTAGCTGACGTGGTTCTCTCTGACCAGGAAACATACCAGTCTGTGTACAACTGGCAGTATGTGCACTGCCTCTTCCTGTGGTGCCGGGTCCTGAGCACTGCGGGCCCCAGCGAAGCCCTCCAGCCCTTGGTCTACCCCCTTGCCCAAGTCATCATTGGCTGTATCAAGTGAGTTGTGGGGTGGGCAGGGTTGTGCGGGAGGGTCAGGAGAAGCAAATTTGCTGGGACTGTGTGGGCGGTGCCTCTGGCGTTCAGGGCCTTGGGGCCTGAGTCTGTGTCCTGGCCGTCCCTGAGGAAGGGCTGGGGTCCCTGTACCTGCTACGGGGAGATGCTCTGGATTCTGGAGAGCTAGGGCTGGTGGGCACCTGTGACATGAGCTCCTCCAACAGCGGTTTAGCCGCCTCGGGTGCCACCCAGCGTGTGTTCTGGGGGCTTGTGTGCAGTTTGCAGTGAGTTTGGTTCATTACGTGGGGTTCTTGGGTGGAGCACATCTGATGCAGTGAACTGCATTTTGGGTGTGAGCGCTTAGGAGGGTCCAGGCACGGTAGGGGCTGCAGCAGGAAAAGGTGGGAGCAGTACTGTGGCCTCTTTGGCCAGGAGGGGGCATCTGTCTGGCTGAGCCTTAGAAACTCAAGGCTGGGAAGGGAGGTGGGAAGTCCAAGGGAAGAAGTAGGAAAGGCGGGAACAGGGAGGAGAGCAGGCAGGAACAGATGACCCCTGCCACCGTGTTGAAATAAAGCTGAAAGCTGGGTAAGGTACCTGCAGCCCCATAGCTGGGCAAGGGGTGCAGGTCCCTGGGGTTCAGACGTGCCTTGTCCTGCTTTAGGGGTCTGATGTCCGTGAGTGGGGGAGGAGGTCCAAGACAGCAGGGGGAGGGGCAGGGGCTGCCAGAGCCGGGGCCTCTGCTCACTCGGCCTTCCCACCCCCAGGCTCATCCCCACTGCCCGCTTCTACCCGCTGCGAATGCACTGCAT
CCGTGCCCTGACGCTGCTCTCGGGGAGCTCGGGGGCCTTCATCCCGGTGCTGCCTTTCATCCTGGAGGTGAGTGAGGCTGTGGTGGGCGTGTGGCACCTCTGCCTGCTCCTGTAGGGAGCATCTGCTGCTCCGGGCGTCTGTGCTGAGTTGTCCGGCGACTTCCCGGAGCCCTGGCCGCCTCCTTGTCACGGGTGTCACGAGGACAGTGCTCCTCCGTGTGCTGGGGGCAGTGTTGGGGAACGTGGGACCACTGGGGATGAAGGCGGCTGCTGCTAGGGCTGTGCTTGAGGATGCCGGGACCTGACCCTGTAGGTGCTTGCCCAAGACTGGAGTAGGCAGGAGGCGAGATGGGCCAAAACCCAAGTCTGATTGCTGAACTGTACACTGAACAGTGCCCTGCCCTGACAGTTGTGTGCATGTGTATGCATTTGTATGGGGGATGTGTGTACCATCTGGGTGGGTGCGTTTGTCTGTGCATGCATACGTGTGTGTGCACCATCTGGGTGCATGGGTCTGTAAATCTGTGTGTGTGTGCATATCAATTCATGTGTGCATCTGTATGTGTGTATGCACGTGTATCCATGAATGCCTGTGTGCCTGCAGGTGTGTGCATCTGTGCGTGTGTACACCTGTGTGTATGCATGTGTGTACCTTTGCGTGTACCTTTGCGTGTGTGCACCTGTGCATGTGTCTTTGTATACCAGTGTGTACCTGTGTGTACCTGTATGCATGCACATGCGTGTGTACCTGTGTGCACCTGTCTGCATGTGTGTACCTGTGCGTGTGTGCACCTGTGTGCATGCATTTGCGTCTGCATGTGTCTACCTGTGCATGCATGAACCTTTGCATGTGTGCATCTGTGTGCATGCATGTGTGTCTGCGTGCATCTATGTACCTGTGTGCACCTATGTGCATACACACGTGTCTGTGTGCACTTGTGTGCATGCATTTGCATCTGCATGTGTGTACTGTGCGTGTGTACCTGTGCGTGTACCTGTACACTTGGGTGCATGCATGCACGTCTGCTTGTGTGTGCCTGTGCGTGTGTGCACCTGTGTGCATGTACGTGCGTCTACGTGTGTGCCTGTGCATGTGTGCGCCTGTGTGTACCTGTGTGTATGCATCTTTGCACGTGCACATGCCACTCAGGTAGGGAAAGATTGGAGTCCGAAGTTTCAACTTTCAGTGGGTGGGTTAGGCCCCACCCCGCTGTAAATTTAGGAATTCACGATCTCCACCCTGTTTATCTAATGAGTTCTCAGCCTCATGAAGGCCCAGAGTCGTGTCACAGCTGTCCTTGGGGCTGGGTCCCCAGGTTGCTGGGTCCAGAAGGTATGGAAGCCCCAGGCACGTTCTGATTCCCCTTCCACTGAGGCAGGGATGCTGAACATCTTTAGGAAGCCATGTTCACTCCCATGGCAGCCAGCAGTGGTCTCTGATTGCCCAGCCCTTGGCCTGGCCCCTGTGTCTGTGGGCCTCCAGCTCTGCTGCCCAGCTCCAGGCATGCTTTGTGTCTGTTTCCCTTGTCCAATCTCCTTGGCTACGTGCTTTCTTACTCTCTTGCAGTGTCTGTTTCTTCACTTGTGCACTGCCCTGGTTCACTGCAGCCGCACCCTGTAGGCCCCTCTCACGCAGGGATGCAGGCCTCTCCTCTCCGGAAAAAGCAAACCCTAAAAGCTAAAACAAAGCCCTCAGCTGTAGGCCGTGCCTGCCCTTCCCCGGTGCCTGGACAGGAAGCCAGTCGCCTGCCCATACTTTTGGCCCAGGCTAGAGAAGGGCAGTGTCCTCCCAGAGGTTCATCAGTACCAGGGCGTTTTCCCATCTGGACCTGAGCTCAGCTGTCTGGCAGCCACCCCTGCTGAGTGGGGTGTCTTGCTGGGGCCTCCACCCTTGGGCCCCCCATAATCTGCTTCTGTCCTCTGGTGCCCCAGCATGTACCCTGGATCTCTCTGGTTCACAGCCTGAGGGCTCCTAGTGGTTGGGGAGGGGTCACAAGACTGAGAGGCCAGGCTGACTCTTTCTCTGCTCCTCCTGGCATGTCCTAC
GGAGGTGCATGGCCTGTGGCTTCTGTGGAGGGTGTGGGAGGGGCCCCCCAGGCCTCCCGTGACCTCCATCTGTCCCGTCCTGTGTCTGGCACTCTTTGCTGTTGCTGCTGCGTCTTCTGGTTGCTCGGGACGGAACCCCATGTGGCATTGCTGTGCTGAGGGCCAGGATGGGCCTCAGTGCCATGTTGTCAGGAATGGGGGCTGTCCTGGTACTCTGTGTGGCAGGGACCTCTAGGTCTCCAGACGTGGGTCCTTAGTGCTTCCCAGGATTTTGGGAGAGGGCCCGTGTTCCTGATCCTTCCCTGCTGATCAGAGCCCCACTCGGGGACACGCCAGGCTGTGTGGGGCCATGGGGCTGGGACCGTGCCTAGCTGCTTATCTCTTGTTTCGGGTTGGGTCTCCTCGTGCTGAAGCCTGAGGACCAGGGTGACCAGGGTGCAGCCAGGTGCAGGGCCAAAGGGACCAGGGGGACCAGGGTGCAGCCAGGGTGAAGCCAGGGTGACCAGGCATGGGGCCGAGAGAGCCTGACACGGCCCTTGGGGCAGATGTTCCAGCAGGTCGACTTCAACAGGAAGCCAGGGCGCATGAGCTCCAAGCCCATCAACTTCTCCGTGATCCTGAAGCTGTCCAATGTCAACCTGCAGGAGAAGGCGTACCGGGTGAGGCTGGCCTCCTGGGGAGGGGCCTGGGCAGTTCCCAGGGTGGGGTTGGGGGTGCTGAGGTGGATGGGAGGGGGCTGGCATCCTCCAAGTTCAAGCATGGACCTTCATGGTCTCCCAGGGCTGGGGCCCAGGAGCCCCTTCCTTGCAGTCCGTGCCCTGGAGATGGCGCTGCCCTGACAGCCTGAGGGGAAGGGGCCTGAGTGCCCAGCCCCAGCCTCTCCCTGATGCACTCGGCCCTCTCTCCTGCTCTTCAGGACGGCCTGGTGGAGCAGCTGTACGACCTCACCCTGGAGTACCTGCACAGCCAGGCACACTGCATCGGCTTCCCGGAGCTGGTGCTGCCTGTGGTCCTGCAGGTGTGTGTCCTGCCCACACCGGCTCGTGGCCGACTCAGACTGTCTTATAACGGGCTTGGCTGCCCCAGGCTGGTAGGAGGTGCCCTTGTCCCGGGTACCTGGGACTGGGGTGGAACCTGACTGCTGGC','2000-11-30 13:05:37');
INSERT INTO dna (dna_id, sequence, created) VALUES (366501,'TGTGCACAGCCACACAACACATACGTGAAGAACAGCCCCCCACAGGCACAGAACCTGTGCACAGCCACACAACACATACGTGAAGAACCAGCCCCCCCACAAGGCACAAGAACCTGCACACTTCAGCCTTTCCACAGGAAAACAGTCACGGCAAAATTTACACACACGTGCATACATATATGCATACATGCATATTCGTGAACACGTACACGCACACACACCCGATACGTGCACATGCAGGCAACATGCATGCATCCATATATGCGCACACATACACATGTATAAATGCATACACGCACACATGCATACACACACAATAGACACATACATGCCACACAATACAGACACAGATGCATACACACGGGAACACACATACGCACTTATACACACATGTACACACACGCACACATATGCATGGATACACACGTGCACACATACACAGTTGCACATACACAGATATGCACACACGTGCATACATGCATACATATCCACACGCAAATACACCCATACACATGTATACACATACACACGTGCACATACACACGTGCACACATACACATGCACACCTATACACACATGCACACACATGCATGCACACATGCACACTGCATACATGCATACATTTCCACACACACACAAATACACCAACACACACGTATACATACACCTGTGCATATACACACAGATGTGTGCACACATATACACGTGCAAACACATGCACACATACACACTTGTGCACACACACGCACACACAGACACACTTCCCCACACAGAGCTGCCTGGTCTAGTGGTAGAGATGGTGAGATCTGGACTCAGTGGATTAAACCCATCTTCATTCTTTCCTAAGCTGTGTAACATGGCTTGGGTTATTCAACCTCTGAAGACTTGTTAGAAGAATTTGGGGGTGTCTGGGTAACACTCAAAACCCTCCCACGTCTGCAGTATTGTATGGTAAATGCTTAACACCTGGTTCTACAAAAAACAGACACAGAAACACACCGATGCCCTGATTTGTAACGTTTGCCAATCTCCTCGGTGTCAGTGTCCTCACCGTTGCCCATTTCCAGCCCCCAGCCTGAAATATGTGAGGAGATTTCTGGGGTCGATCCTCTGTGTGTTGGCCGCTCCGTATGCCTCACTCAGGGGACAACGGGGTCCTGGCAGTGCCCCGAGGGGTCTCCCCCGAGGGGTCTCTGTGGCTGCCCCGGCCTCACTGTCTCCTCACATCAGACCCATGCTCTCTGGCTGCTGCATGTTCTGTTCCTGCTTTGGGGACCGCTCAGTCCTGACCCCCCTCCTTACCCGCTTTGCAGCTTTGCTCAGACATTACCTGCTCCAAGAATTCCTTTTCTGAAAGCCTTTCTAAAATTCCAGCCTTCCCTGATCCTCTGCACTCATCCCCTCTGTTTTTCTCCTTAGCACCGACCTGACCCCGCTCACTGGATCTATTGATTTGTCCCGTCGTGTGTATCTGCCGTGGGAATGGGAGCACTAGCAGAACAGGGGTTGTCTATTCCGTTCACTGCTGTGTCCCCAGAGCCTAAAAAAGGGCCTGGGATGTGCTGTGGGTATCACTGCATGTGCTGAGAGGGGAGGGGACTCCACATCCACGCCACATGTAGTCAATCCTGGCACACACAGTCCTCTACAAATGCAGGCTTTGATCACCAGGTTGGAAGTCAGAAAAGGGACGGGTGTGAACCTGGGGCTGGAGACCTCTGTGATCCACAGGCTCAGGGCCAAGTGGGAAGGTGTCCTCCTCCTTCTAGGAGCTGGCGAGAGCTACCTGCAGAGCTGCTGTGCCCTGGCCAAGCTTAGCTGCCCCTGAGCAGGCCCAGGAATGTGAACAGACAGACGCATGGCTTTCCCGGCCTTCTGCCTCTGGGTGGGGCCTCCTGTACCCACACCCAGCGTGGGAACTGATGCCGGGTTGGCACCCATGAAAAATAGGCCACAGACCAGGAAGGGCCACACAGCTGGCCCTGC
AGCGCAGCTCAGCCTCGGGGCCCCGGGGAGGACTCAGCTTGGAGCCGTAGTAGAGCCAGCTCACAGCACTGGGTGCAGAGCCCAGGTACAGGGCCGCGGAGCACTGGCTCTAGGACTGGCCCAGAGCTCCTCCCCCAGCCCCATTTCCCGAGGTTCAGCAGGTTGTTGCCTCTGTGGCTACCATGTCCTGGCAAGGGAGGACCACTACGGCCACCCACCACACCTCATAGGACCCCCCAGGGTCACACTGCATGTCCTGGGCCTGGACAGAGGGAGTGGTGTCTGAGATGCAGCCACAGGGACCCCACCCCTAACCCAGCCCGGCTCCCTCTCCCTGCCCACTCCTCTGAGGCAGCGTGGTTTCCGAAACCAGTACTTGTCTGCAGGGAGCCCTGAAACTCTGGAGGTCAGGAGAGGGTATGGCACGAGCTTCCTGCCTGGCGGGGGCATGTTGGCAAAGGGGTCTGCACGGCCATGCCAGCTGCTGGACCCAGGAGTGCAGGGCAGGCGTCCTCTCCCGCAGATGCTCCTAGGGCCTGCACATAGCGGAGCCCACCCATCCAGGCTGCCTGACGGGGGTGCAGTGGGGGTTCCTGTCTGCCCTGAAGCCCAGGTTCCTGGTCCTGTTCCCTCATCCCAGCACCAGACACATCTGAAAGGGGCTGGGATCTACCCTGTGAAGACCCTTAGTCCCACAGGGGCTGGGGGGGGGGTGGGCATGGGGGTGGTCTTCTGCTCCTTTGACGGAGAGGTGGCCTAATGTGTGCTTGGGAGACACCTCCTTGCTGCATGGCCTTGGCAAGCTGGGAGGAGGCCGGCGCGTGCACAGAGGGATTGCTGTGGACCAAGCGGCCATACCCAGCGGCAACTTCCTGCGGGACACCCAAGGAGAAAGGCCGGTGTAGGTGACCGGCTGGCTCGCTGCTCATCTGAGGCCCCTTACTCTCAAGTGACACTACCTGCCGGCACGAACCCAAGCCCCACTGCAGCGACAGAGACACGTGCGCTGGTCCCCTGCGGGAGGAGGTCCCGGGAGGCCCCGCCCGCG','2000-11-30 13:05:37');
INSERT INTO dna (dna_id, sequence, created) VALUES (366504,'ATGGACCGAAATTCTGAAATCCTTTTATGCCTGGCCTTTCCATCCTTAATCTTCCCCTCTCCCATGCTGGGAATGATTGTATGGGACATTTTTGTTTTAATCTCAGGGACAGGGGAACACAGGCAGCTCTAATATAGCTGTGACCCAGATGCTTCTGTTTCTAGCATGTATTTATTTTGCAGCAAACATTTACATCCATGATGTTTCACTGTCTTTTGAAAATAATTAGGCAATATCTCATCTGAGGTAGGTTGTCTCTAGGGATTGTGTTCTGAGGGAGGAAAACTAATCTGTTCTCTTTCCACTGCATTCTAGGAACAGCAAGAGGACCTTGTGCATGAATAATTTGTTTCCATACTACAGAGTGGGTAATAAGCAGATTAGTAAAAACAATTCTGCTTCACTTCAATAACAGCCTCCTCCAACTCATTTTTTCTCAACAAACTTATTTTTCCAGCAGAAGAATCCCAGACTTCTTAGAGAACCCAGTGACTTTTTGCACCTTAAATCTGTGAAATCCTCATGTTTTCTTCTGCCGTATCCATAGTTCAAACAAAGATGAGGCAAAGCTAGACGCATTCCTGAAGGAACCCAAGAAATTCCTCTCTTTCTCTCTCTGGAATGAAATGAATTCTCTAGACCACCAGTTCTAACCTTCAAAAACCAAACCTGTTTGTGAGCTGTCCTTCAAATACTACTGTAGACCCCAGTGTTTATTCATTAAATTTTTTAAATATTTGTTTTATTTGGAATCAAAGTATTTGTAATTTTAGTATTTGTATTAATATCAGGGAGAAATGTTTAAATCTGTCTATGCCATATGTGCCTCTGGCTTATTGCCCAATTAATTGTAGCCTCAGGCTAAACTTTGGTTTCTGTCTTTAATTTTTGTCAGAAGAAATATAACTGATCTCAAAACATCTGCTTTTATTGTAGGGACTCGTGCTGCCGTCTCCATTCTTCTCTCTTTTCTTGCAATCTGGGTGGAAGTTCTTTAATGTGAACATTTCAACCACCTTCATTCTACCATGTCCACTATGAGCACATTCAAACTTATCCAGCCAAGGGTATCATCTTAGGCCAGGGATTTTTTAGGAATCTATTTTGCTGTGATGCAGCTGGCACCCCTTTGACTCACTGTATCACCCCAGGGTTCTTTTCATTTCAGAAGCCCAAGAGGGCAGAAAAAGAAGTAGGTGAGCAATTAAACACTCTGAGTCAGGAGCGTCTCCCCTTGTGTTAGGCAATGTTGTAGAACATCGTATTTAGCAAGCTCCCAGCAGATGAGCCACGTGGCTGCTGAGCACACACGCCTGCTTGCTGCTGTGAGCTCAGACACCATCATCATGTCTTTTCCATCTCTGGAGGGAATTGTAAGGGCCACTTAATAACCTGTAAATCACAGAGAGTTAAAGGTGCTTCCCCAAAACACTGATGACAGAATGAACGGTGAGGAGTGTTAGCCACAGGTCAGAAGTGCAGGAAAGTCTCTCAGTGTGGGTTGTTGAAGAAATGCAGGTCTTTTTTCTTTTGGAAGTCTCCCTAGAATGCGGTCAAGGACTCTGCCCACTCTAGGATGAAAAATTGGGATATTAGACACCCTCAGATATTTATCCCAAGCTTTCATTTTGGGCTCTTAATTAGTTCATCCATCACAATCTCAAATGCTAAGCAGGGCAGTTGAATCTCTCCACAGTCCAAATCAGCACCGTCTTTTAAAGTTGAGTTTCTTATTATTCTCACCTGGTATACCTTATTTATCCCACACCCACCCCAATAACATATCGTGCTCACTGTTGGGAGGACGTCATGGATGCAGGTGCAGGGGGAAGACCACGTGAGAGCACGGGAGGACGTCAGGGATGTGAGTGCAGGGGGAGGACCACGTGAGGGCATGGGAGGACGTCATGGATGCAAGTGCAGGGGGAGGACCATGTGAGGGCACGGGAGGACGTCAGGGATGTGAGTGCAGGGGGAGGACCACGT
GAGAGCACGGGAGGATGTCAGGGATGTGAGTGCAGGGGGAGGACCACGTGAGGGCTCGGGAGGACGTCAGGGATGTGAGTGCAGAGGGAGGACCACGTGAGGGCTCGGGAGGACGTCAGGGATGTGAGTGCAGGGGGAGGACCACGTGAGGGCTCGGGAGGACGTCAGGGATGTGAGTGCAGGGGGAGGACCACCTGAGGGCTCGGGAGGACGTCAGGGATGTGAGTGCAGGGGGAGGACCACGTGAGGGCACGGGAGGACGTCAGGGATGTGAGTGCAGAGGGAGGACCACGTGAGGGCTCGGGAGGACGTCAGGGATGTGAGTGCAGGGGGAGGACCACGTGAGGGCACGGGAGGACGTCAGGGATGTGAGTGCAGAGGGAGGACCACGTGAGGGCACGGGAGGACGTCAGGGATGTGAGTGCAGGGGGAGGACCATGTGAGGACATAGGAGGATGTCTGGGATTCGAGTGCAGAGAGAGGACCACGTGAGACATAGGAGGATGTCCGGGATTCGAGTGCAAAGGGAGGAACGTGTGAGGACATGGGAGGATGTCAGATATACGTGTGCAGAGGGAGGCCCACATGAGAACATGGGAGAAGATGTCGTCTGCAAGCCAGGGAGAGGCCTCAGGAGGAGCAGCCCTGCCACACCTTGCTCTGGGACTGCCACCCTCCAGTACCCTAGGAGAACACATTCCTGTTGGTGAAGCTGCCAAGGCCGTGCTGCAGCACCAGGGGCCTCTGGTTGACAGACTGCAGAGCAGCGATGCCCGTGGTAGCCTCCACGTAAACTCTCTAGAAGGGTTTTGTTTTCTATCCTCATTTTTCCTGCCTTATCTTTCAAGAGGCTTCCTTTGCCTTCACTTGTGTAGGTTCGTTTCTAAATACAGAGAAGGAATGCAGGCAAAGGAGTACCAAGCCAAGCCATCTTTTTAAAAGATAAAAAGGGCACATTTTTCTTCCTTCCTGAGGAACTCATACACCAAGTATGCACAGAACACCTGTAAATGGTAGAGGATTCAGATATTTTGAAAGCACAAAACCTACTCTTGAAGAACACACAACTGCTGAGTGGTAACAAAGTTTTGGCCGCTATAGCTGCTAAAAATAGAGTTGTCATATTCTACAACTAAAAATAAAGAAATACATCACTGATCAAACACGCTTGATGGCCTTCATTTGCATACGGTCGTGACAAGCCCGGTGGGAGGTGTAAGAATGCTTGGGTGTTACCCTGCCCCTGAGGAGCTCATGAAAGCGGTGTTCACAGCATGCTGCAGTTGCTCACATCGTAGTTCATAAGGCATTTTCTCACATGCCACCTAAACTCTTCTGCGTGGCAGCTGGGGCAGGCACCACCTTTCTATTTCTCAGGTGTGAAAACTGAGGGTCTCAAAGAGGCAAGCACTTGCCAAAGTCACGCAGCAAGCAAGGACAAATGAGAGGGAGGCGTCTCCAACCAGGCGCAGGCTGACAGATGTGGGCCCGTGAGCACCACTTACCCTCAGGTCTGTGATAGGGGTCAGATGGGTGACAGCCACATGAGAGGCCGTCCTCTTGGGGTTGAGGAGAGAGGCCACTCTCCTCTGGGATGGGCTTGAAAGATGTCTCTGTACAGGGTGGGCAGAGAGGAGAGGGAGACCTTCTCAGAGCAGGGAGGTGCACGCTGTCACCAGGAGCTGGCCAAGAGGCTCACCAGAGCTGCGGTGGAGGCCGTGCAGACTGTGTGGCGGGGCTGGAACCTGGTTTCATAGAAACAACAGGGAGAAAACAGAGTTGTGAGCTGGAGAGGTTCATGGCCAGATGAGCTGCACAGGTGGGTGGTGGGACCAAGGCCACAGTGGTCAGGAAATGCTGTGAGGGGACAGTGAGGAAAGAGGATGTCCCAGGGCCGTTCATGCTTGTGACCACAAAGAAGAGATGGCTGGGCCAGGCTCCCCCTTAGCAGGTCTGGTAGCAGTTATGCAGGTGCGATCATCAGTTGATTGAAGAGCTCTCGGGTGAAAAGACACAGAATAGTTCCCATGTCATCGATGCCAGGGT
GGGTTTTTATCTCAAAGAAGGCCCGTGCCCTACAGCTGGGAAATGCCATTCCCTTCACTGCTGCTTCTGCATTTAAAAGTCCTATCAGTGCTAATGGAACTCACAAATGCCTCACACAGGGGAAAACACACTGCATGAATAGGGATAGCAATTTATAGGACTGACTGAACTTAAAGACATTGAGATTACATCCCGCAGAAAGAGGCTGGCATACAGTCCAAAAACTGGCCTAGTTAGGTGGCATTCTGAATGAACGTCAGAAATAGCCTGTTATTTTTGCCTCAATCAGCCTTTGCATATTCTTTTTCTTAAAAGCTTAAAGCAAACAGAAAGACATGCTCAGTCCTAAAGGTTCTTTGTGGCCCAAGATGTTCTGGCATGAGAACTGCCCTATGCCAGGAGGGAAATGTTCCAGGAAAGGAGGTGTTGGTGGTTTTCAGCCACAGGAACCACCTCCTCGTGACACCCAATCCTGGGGAATTAATTCTGTGACCCCAGAATAAGTTTCCAAGGACAGGGATGTCACTTGGGTAAGGCATACCAATTCTCCAACTGTGAACACATCTCCGCTTTTCCAACCTCAGCCAAAGGAGGCTGCAGCTCTGGTCGGGCTCTAACACATGCATGGCTGTCATGGATGCCCATGTGTGCCTGGGCAATAGACGAGGGTGTGCCTTGCTGGCCCTTTCTGTGGTGCCCTGGCTAGCCCACCACCATTGTGCAGAGGAGGGTGCTGAGGCCTCTGGAAGTTACTGCAAGGTCACCAGCCCTTGCCCCTGGAGGAATCCGTGTGGTCCCAGCTCTCAATCTGCACACGTCGTATCTCCTCCTTAGGGGAGATTTCCCACCCCCTCTGAACACAGTGAAAAGTGAGTATGGTTGAAAGCACTGGCCTCAGTCCATGTTCCCTGATAGACACGGCCACATCTGTCAATCTAACCTTTGGGCACAGCACCTGCAAGAAACCAAGGCCCAGGCTGCAAAGAAAGGACGCGACAGAGCCTGGACACCGCTGCCTTCATGGGAGCTTGCTTGTGCGGGTGATACTGATGAGGCTCCTCGCGTCCTGTGGGTGAAGCTGGAAGTCCCAGGCTTTGCCATCTCTGGTTCCCCACTTCCCCAGTTTCGACGCTCTCCTCTCTCCCCACCCCGGCAAACACACCCTATGATCTAATTCAGCATTCTTCAATTTATTCACAAAATCATTTATTGCTCACGAAGGGATCAAGATCCATGCACACAAGCATTATTCCGGTTTACACAGCATCTTCTCGCTTCTGTGACAGATTCACTTAGGATGGTACACCTTCTCAGATTGTGTTTCCTTCTCATACAACGTCCAAACACCACTTCTCTATCTGGTAAGCTCCTAGTCATACCTTAAAGCCCAATCCAAATGCTATCAACTCTGAAACCTTCCACTACCCAACCCTGCAAGCAGAGCTGCTGTTCCCACAGCTGTTTGCTGTATAACTGATTATATTTGTATTTTTGTATTATATTTGTATATTCCGGATATTTGCTCACATCTTTCTCTCGCATTAGGTAGTGTTGCATGCCACAGCACCAGCACCAAGTGTGGCTCGTAATGTGCTTGCTCTTTATCCAAGGAAAGAGGCATGAGAGAGGCACAACACTAATGAGAGAAGCATTTTCAGTGGACTGTGTAGTAAAACCTAAGTACAGCTGTCCTAGGGAACAAGCCAAGGGAATCTGCCCTCCCCTCCCTCACTTCCAAACAGAACTGGCAACTGTAGGTGCACCCCTTCCTTTTCTTCATAAGGGCCCTTGGTTTTTCTTTGGAAGTCATTCCTCCCTGACAGTCTGAGCATTAATTTGGATGGGGAGGCTCCGACCTTGTGTTTTCCGGGGAGGCACAGAACCTGGGACTACCCTAGGAGAGTTCTCCATCCCCTGGCCTCTGAGATTGGTGCAAGATGGCTCCTGACCCCAGCAAGAACAGCATGTTACCCCAAATTTTGCCAGAAGTCTTGAGGGAAAGTCCTCTCTGATGTACTGGCTGCAAAGCATCATGCAAGCCCTGAG
CTTTGTTACAGCTGTGCAGAGAAAACCATCTTAGAAATGAAGCCCACACAGAGACAGCAGAGTCAAAGATGGAGACAAATTTCCAGATGGTGCTGAGCACCTGGATCCAGCCATGCCTGATGCTCACACTGGGACTTTTGGTCACTTATCCTAAGCCATTTTGAAGTGGGCTTCAACCCCCATTGCCACATAAAATATCCTGGTCATTCTCCACCAATCTCCATATCAGAGGGGAACCAGCACCATAGTCAGGCAGCATGGAAGACGGTGCTTAGGGAAGAGACAGAGGAGTTTTTGCTGCAGGGTCCTTGTCATCCTGCAGACCCAGGTCTAGGGAGGACAGACACCCAGCATGGTCAGGGCATTCTGGGCAGAGGAACTGATCATCAGCCCCTCAGCCACCGCAGAGGGAATGAGTAAGGGAGTCACCAAACAGCAGAAGCAAGAAAGCACCGTATGCCTTTGCCTTCACAAGGTCCAGCCTCCACCCATTGTGACAATGATAACGCCGACCCAGAGGAGATGTGGAGAGGACTCTGGCTCCACTTCTGTGGTTCTGTGCCCATGCTGAGAGGTGCAGCTTCTGGAATAGCTGCCACTTCCATGTTCCCTTGTTTATCTTTTGTTGTCAGATTACAATATTTCTTGATAGCTGGCTGAAATTCGACGTTTCAGTTTGCTGACTTTTGAATCCAACTGGTAGCATTCAGTGAAGTTATGATGCTCAGTCTATCATCCTTCTCTCTCTATCTCTCTATCAATCATCTATCATCCATCCATCTATCATCTATCTACTATCTACCTTATCTACTATCAGCTCTCTATCATCCATCCATCATCCATCTATTTATCTACCATCTCTACCATCCACCTATCTACCATCTATCAATCACCTATCATCCATCCATCCATCTATCATCCATCTATCATCATCTCTATCTACCATCTACCTATCACATCTATCTACTATCTAGCTATCATCTATCATTATCTATCATCTATCTACTATCTACCTATCATCTATCAATCAAGTATCTATCATCCATCCATCATCCATCTATTTATCTACCTATAATCTATCTACTATCTACCTATCATCTATCAATGATCTATCATCCATCTATCAATCACCTATATACTATCAACCTATCTACTATCAATTAATTACCAATATCTGTCATCTACCTATACATAAATCACCTATGTATCTATCATCTATCCATCTTCACATGCACACATATGCACATACACACATACATGTACATGATGTATGTGTCTATACTCATACACACATATAAAGGCAATTCTTATTTCTTATTTTCAGTATCTCCTCCCTGATCAGTGTTCGAGCTGTCCAGGAGATGCATGGCTGCTCGAAGGGTCTCACAGCCAGTTTGACTGCCCCTACAACCAGTTCTCTCCACATTTTAATGTGACATGACAGGTGAAAACAGTCATTTACTCTAATAAATTCTCCTCAGCAAAATGAGAGATTACTTTAAAATCGAAGCAGCCAGGACCAACACCCTGGGTGAAAACAATTACATTGATTGCTATGGGGAGATTCGAAACTCTTACAGAGGGCTGAGAAGAAAAGTCAGCTTAAAACGTCCACATTCAAGAGTTAAGTTAGTACTTACAAAGGGCAGGGAACTGTCTAAGGCCACGACCACAAGCACAGGGGGCCTCTGGGCATCAGCGCCAGGCCAGCGAGTAGAGAAGTCCGGCTTGGAGAGTACAAAACAGGCGCGATGTCTAAAGTCCATTGTGCCGCTGAGGAGAGAGGCCATTTCTCTTACTGTCTCCTGTCTGAAGAGGAGGAGGAAGTAAAAGTTGAAAAACAACAGGAATGAAGTCAGTGGCAAGACCAGCTGGTGCCCCTGATGATCAGGCCTGAGGTTAAAAGATTAACCCCCCCACCCCACTCTAAACGCATGTGCTCTCAATCTATCACGACCCTTTCACGTGGAACCTAAAGGTTGTAAACCCTTAAAAGGGCCAGGAACTCTGTCTTCAGAGAGTTCGGTTCTTGAGACTTGAGTCCGC
TGAAGCTCCTGGCCGAATAAAACCAAATCATTCCTTAACCCGGCGTCTGAGGGGTTTTGTCCGTGGCTCATCCTGCTACAACACCGAGAAGTGCCAAGAAGGAAAAGGGCCTCTGGCCCGTGGGTGTTGGGCAGAGTCAGAGAAGGTGGGCAGGAGAACCAAAGAGGGCCCGTGGCACTGACGTTAGCAGGCACATGGAGGAGGTCTCGCTCCTGGAGCCTAGAATAGGAAGGATGACTAGGGAGCTGGGAGGGATGGAGGGAGGGCATTTGACGTGGACAGGACTTCTGCCTTCAAAGAAGGGCATGTCTTTAGGTTCCCTGATAAATTCAACTTCTCCTGTGCTCAGCCTACAGCAAAAAGAAGGTGGGGCCAGGTACAGTGGCTCCTGCCTGGAATGCCAGCATTTTGGGAGGCCAAGGCGGGGACCAATGGTTTTGAGCCCCAGGAGTTCCCAAGACCAGCCTGGGCAACATAGTGAGACCTTGTTGCTACAAAAAGGTTTAAAAATT','2000-11-30 13:05:37');
INSERT INTO dna (dna_id, sequence, created) VALUES (366505,'TGTGTCTGGGTTTGTCAGTCCTCTGGTTGTGGCAGGGCCCCTCTGGGTGGGACTCGGCACCTGTACCTGGGAGCACCTGCTCAGATGAGGGAGTGGGAGCAGGAACAGCGCTCATGCTCTCTCCCTGTGTCCAGGGCTGGGGCCCTGGTCTGGCGGGTAGGCATAGGGCACCTCCTGCCCTCTCATGCCCTCATACACCTGCTGCTGGGGTTCCCTGTCCCACCCCAAAAGGGAGAAGCCAAGGCTGAGGCAAGGTTGGAAAATCAGGGTGGGGACTCTGGAATCCAGACATCCCGACAGAGGATGCAGGAGGAATCGGCGTGAGCGCAGGGTAAACTCACGGACCCGAACTCTCAGATGTGCATCCTGGGCTCAGCTTCCCCTTTCTGGAGGGCTGGGGGTTCCAGAACCTTGCCTTGAATTTGTGAGGATGGTGGGACCTGGAGGGCAGGTGGCGCAGATGGTGTGAGCCCTCACCCCAGGACGCTGTGCCCACTTCTGGCTGTGCAGCCTTGGGAAGGCTTCTGACTTCTCTGAACCTCAATCTGTAAAATGGGAATGAGAATGAAACAAGATGAAATTAACATGCATTGAGCGTGTGGGGTGGGGCAAAGACAGCCACCTTGCAGCTGGTGAGGCCCTTACAGCATCTGGTCCTGCCACCTCGCAGCTGGTGAGGCCCTCACAGCATCTGGTCCCGGAGCCCACACAGCCCTTTGCAGAGACTGCCCTACCCACGTGCAAGCGTTTCGCCCTCTTCCCACGGGCGACCCCAGCTTGGCCGCATGCGTTTTTGCTCAGAACGTCCCCACCTATGTCCCACCTGCCCTCTGGCTTCGGGAGTGCTGGGCGCAGTGGTGGCAGGTGCCTCGGTGCCCTTGGACTTGCCCGGTCGTCTGTTGCTTCTGAGGCGGCCCCGTTGATGGGTGCTCCTTCTCTTCTGGGTGCATTTTCCTTTTCCTGCTTCCTCGCATGCCTGGTGATTTTTGAATGGGTGACAGGGATTGTGAATTTTGCTGGGTGCTGACTATTTTTGTAGCAAAGCTGAGAAAAGCTTACTTTGCTCAGGACTCCAGGAAGTTACTTGGAAGCTGTTTGGTCCTTTGGGGTCTTGCTTTTAAGCCCTGCTGGGAGGACCAAGGCAGCTTGTAGTCTGGGGCTGACTGTGCCCTCCTTTACCAGGGCACGGCCCTGCTTGGTGCTCTGCCCAGGGGCTGAGGTGCCCCAGCCTGGCTGGTGGACCACGGACCTTCCACGGTTCCCTCTGGTGATCTCGGGTGGTTCTCCTCACCTTCTGTAGTTGCCTTTCTTTTTTTCTTTTTCTTTCTTCTTTTTTTTTTTTTTTTGAAACGGATTTTTACTCTTGTTGCCCAAGCTGGGGTGCAGGGGTGCAATCTTGGCTCTCCATAACCTCCGCCTCCCGGGTTCAAGTGATTCTCCTGTTTCAACCTCCCAAATAGCTAGGATTACAGGCATGCGCCACCATGCCCAGCTAATTTTGTATTTTTTTTAGAAAAAATGGGGTTTCTCCATGTTGGTCAGGCTGGTCTCGAACTCCCGACCTCAGGGGATCCTCCAACCTAACCCTCCAAAAGGGCCGGAATAACAGGCGTGACCAACTGCCCCAAGGCCTGTAGTTTCCTTTCATTGTAAAAATGCTAATGGGGGCTAACTCTTAACCTGCTGGAACCTAACACCTAACCCTCCCAAGACTCCAAGCTGGGTCTCCTTCCCTGAAGAAAACCCCTGAACAACACCTGGGTCCCAACCCCTGCACCACAACCTGAACACTGGGGGCAGTGAGCTGGCCAGCCGCGGGGCTCCCCCTCCATTGGTTCCCCAGCCTTGCTACACCTGGTGACCCTGGCGGGATGGGGGTCTGGCTGCTCCCCTCCTGCCTGGACGTCTGTCCCCACTGGTGTGCTCACGACAGTGCCCTGCATGCCTGCGGGGCTCTCACAGGTGTTTTCTGAGTGGCCTGGGTGG
GGCCCGGGCAATCTGCTGGACAACAGACCCTCAACCCATCCCCTGCCAACCTAGCTCAGCCCTGAGCTCCTGGCAAGGGATGAGACAGCCTGAACTTCAGCCCAGGGAGGGGTGCGGGGGCTGCCGTCAGGTCCCTGCTGTTCCCTGTGCACCGAAGGTGGGCCACCTGGTTCTTCCTTCTCCAGGACCTCAGGCAGCCCCTGTTACCCAAGGTGGCGGCTCCACTGTGGGGGCCAGGACAGGGGCGGAGGGTGGATAGCATGCCCACTGTGAATGCCCCGGCTGGGTCCTTGCCTCTCCAAAGGCTTTGTCACCAGGGCCCAGGTGACAGGAGGCTGTCATTGTGAAGGAGATTTAATCTTAGAAAACTCTCAGGAGAGCAGTGAAGCCTCAGGGTGCTGGATTACCCGGAAGTGCACTCTGGGCTGGGGGCAGCAGCCGCGGTCATAACACGTGTGTGCCACACCAGGAAACCTGTCTGCTAACGTGTGCACATGGGCAGGCTGGCAGCACCTGGCTCTGGCTTGCTTGGAGTGGACGTTGGATCAGGTGGCCCGGGTCTCAGCCTGACACTGCCTGGCACTGAGGACAGGGCGTTGCTGACACTGCGGGCTCAGGGTGGGGGTTTGTCTCTACGGCTGACCTTCTGGCCGAAGGAGTGTATGGGGCATGGTCTCAAGCAGGTCCCAGGATCCCTGACCCTTGGCCAGGCCCAGGCCTTGGCTCACGGCCCTCAGATGAACAGGCAGAGGGGGTCAGGACGGGGTGGACCAGAGCAGGCAGGGGGCCCTGGACAGAAGGGGAGATAGAAGGGGGCATGAGGGGCTGTCTCCTTGGTTTGGGTCTTAAACAGCGTGTGGTTTTTCTCTGTTTGAGGGGCAGCCTGCACCCAGAGCCTCCAATGGGCATGGCGTGTTTTGAGGGTGCAGGTGAATCTCTTTACCAGAGGCTCCCCGGGGACAGGGCCCATTCAGAAGGCCACCTCTCTCAGTGCAGCCAGCAGCAGGGCAGAGCTCTGGGGACCCCAAGCCGGAGGCCCACATGGGCGGGAGACACTGCCTCCAGTCACCCCTGGGGAGCCAGCGTCTAGGGTCACTCCCGGTGTGGCTCCCTCCCTGCCAGGCACAGTTCACAGAGGCAGCTGCTTTGGGAAGTTTGGTGCCAGACCCCGCCAAGCCCCTGCCCGGGGCATCTCCTCCCGCAACCTTCGCCGCCATCTTTCAGACGGCTGCTCTCCTGAGCCAGGCCCGCGCGCCATCTCCTTTAGGCTCCTGCAGTTCCTCCGCTGGCCTCCACGCTGCCCCAAACAAGAGCGTGGGATCTGGCATTTCCTGACGTTAACGGTTAACCCGAAGCTCTGCTGCCTGCAGGATGAACACACTTTTCATTATTTCTCCGATTCCTTCAACCGTCACTGAGCCTGTCTCTGTGCCAGGCGCAGAGCTGCAAACCCAGGAAGACAGTGGTGAGCAGTTCACACTGCCCTTCTTCCTGCTGTGGAGTGCAGAAAAGGAAGCTCCAAGCTTGCACCTGGGGCGTGCAGAGCCACCTTCTGCCAAAGGCTCCCGAGCCTCATAGTTCAGGAGGGGCAGGAGGGGCTGATCGCCCTCACCCCAGAACAGCGCTTTGGCGATCCTTCACGCAGACACCAGTCCCCTCTCTCTATTCCTGTTCATCCTTGATGCCAATGTCAAATGCCACTTCCTCCACGAAGCCTTCCTGGATCCCTCCAGTCAGAATGAGTCCATTGTCCTTGAGCTTCTGAACCCACATCCTGGCCTTTCCAGAACTGGGCCTGCTGGCTTACACAGGAACCCTGCCTTCATAACTGGACTGTAGGCCCCACAGGGGTCTCATCTCTGCTCCAGGGGCCAGCCGGCACTCAGGAGGTCTTGGAAATATGTGTCCCGATGGCTCAGCACTTTGCAATCACCATCTCAGGTGACCCTGCAGCCACTGTGAGGTGGGTGCTGGTCCCACCTCCTTCACAGGTGCCAGCTGGCAGGTGGTGGAGGTTTGAGGCCTGATCCTCCGGACTTCTGTGGT
TTAATCAAAGGAGGCCACAGCTGCTCTGGGCCATGGCTCCTCCAGAGCTCATCACTGTGATTATTCATTAACCCCTTAGTTATCAGCTAGGACTTCACAGAGATTCCCGGGCTGAAAGTGAAAGAAAGGAGGGGACCCACGAGGACCTGGAGGAGGCGCTGGGTGCTGTCCAGCTGCCTGGGCCTGAGCCGAGAGCTGCTGATCTCTGGACATCTTAAGTTCCAGGGCTCCAAAGGCTGCTTTGTCCTGCGGACGCACGGCCATGGGTGCACTAGGTGTTTGATCATTGACAATGTAAAGTTCCTTATTCTCGGTTTTATCCTCTGTAGAAATGAGGATAAAATACTTGGCTTGTACAATTGTTGATAAATTCTAGATGTTGACCAGCATATAGTGGCTGCCCAGTAAATTGTAAACACGATTGTTTTTGATGATTTTAAATAACTATTGAAAATCTATACACTATACAAATCCAGCATTGAATCTGTAGAGAGTATGCCCCACCCGTGCACCCAGGAGCTGCCTGCTTCCCTCCCTCTGCACGAGGCTGAGCTCCCAGACACCCCATCTTCCCTGCACCCCACTCAGTGGCTCCCCCTGCTCTTCGATTCCTTGGGTCCCTTCTCCTGGTGACATACCTTCTCCACTCTGCTGCCTGCCTAGCGCCCACCCTGGCCACCACATCCAGACCCCACATCCCAGATGGCCTCCCTCAGCCCCCAGCCCCCGCAAGCACATGCACACAGAATCGTGCACACGTGTGCTTTTACCAAGGGCACACATCAGACACGTACAAATCCACTGACTTGCCATTGCCAGCTGCGTGTGAGCACAAAGGCGCAGCTCACCAGGTTTATCTGGCCCAGGCCTGGGAACCCTGAGCAGGGAGCCCCACCCCCTGCCGCGGGCTGGCTCTAGACTGATGCCATTTATCACTGGCTGAGGATGAGTAATTTTACCGTGAACACAGTTCAGGGTGATAGATGAGGGAGTGGGGGCAGGTGATCGCCGTGCTGCCTGCCCGCCCCAGAGGGAGGCTGGAAGGAAGACCCCTGCCTGTTTATAACGGGATAGTGGCCCAGGAGGGGCACGTGGACGGAAGAGCCCCTGTCAGGGAGGCTGGCACAGCCACAGTGGGGCGGGGAGGCAGAGGACGCAAGCCTGGTCTCATCCATGTCCCGGGCCTTGTGAGGACCATGAGCAGAGCCCACTCAGAGAGACGTGGCCATCCCCCAAAT','2000-11-30 13:05:37');
INSERT INTO dna (dna_id, sequence, created) VALUES (366507,'GCTGCCCCCACCAGCCTGCACCCCTGTTCTGAGAGGCCATCCGCACCTCTCGGTGCCTGCCCTCCTGCCCGCCCTCCTGTGGGCCTGGCCTGCTCCACACCTGCTGTCCACGAGGAGGACCGGCTTGTGCTGCCCTCCGACTTGGCCACACTGGTTCCTGCTGCCTGCAGCTTCCATTCTAACAGGTGTGGGGCTGATCACGAACAAATCCACTAATGAATAAATCAGAAAACTTGTAGGTAGTTATCTGTGGAGAATTAAGGTGATTGTCACTGGGTCAGTCTGGGTGTCTAAGGCCCCATCCTGACAGGGGAACTGTGAGCCTCGCCTTGGCCAGAGGGAGACCCTTCAGGTGGAAGGAACAGCCTGGGAAGTCCCGGGGGGCTTGGCGAGCAGGGGGCAGGGAGCCAGTGATGGGCCCTCCTCCCAGATCGGGGAGGGTCTGTACTCTCTCGGCTGGTCAGAAGGACCGGGCAGGAGGGAGGTGAAGAGGGTGTTTCTTAGCCCTGCGGGATCCCCGAGGAGGGGAAGTTTTCCTGAAAAAGGGAGGGTCCCATGGAGGAAGAGTCAGCTCCAGATGCTCCCTAATCCCAGAGAACACAGACTCCAGCAGGTAAAATCAGGTGCGCCCACAGCCTCACCTCTCCTCCTTGTCCCTTGAGGGTGGGCAAGGAAACAGACAGTGACCCCAGCCCCTCTGGCCAGTGCAAGAGGCTGCAGGGCCTGACATTCTCATCATGGAAAGAAGACTTTTTTTTTTTTTTTTTTTTTTTAAGGAGACACAGTCTCCCTCTGTTGCCCAGGCTGGAGTGCAATGGTGTGATCTCGGCTCACTGCAACCTCCAACTCTGGGGTTCAAGCAATTCTTTCACCTCAGCCTCCCCAGTAACTGGGATTAGGGGCATGCACCACAACACCATGCTAATTTTTGGAATTTTTAAGGAAAGAAGATGGGGTTTTCACCATGTTTGGCCAGGGGCTGGTCTTTGAACTCCTGACCCTCAAATATATCCGCCCCAACTTGGCTTTTCCCTAAGGTGCTGGGGATTACAGGGCGTGAGCCAATCAATGTCCAGCCCCAATTTTTTTTTTTTTTAAGATAGGGGTCTCACTCTGTCCACCAAGGCTGACGTGCAGTTGGTACTGTTTTGGCCTGCCTGCATCCTGGGAAAGAAGAGTTGTAACAGCACTTTAAGGGAACAGAACCCTTTCAATGGCAAGAGAGTGACAGAAAAGTCTTAGGGAGGTAGGGGANACGAAGGGCTGGGAGCCGGGCTCCCGGGACGGCGGTGGCTCAGCCTTCTCTCNTGCGGAGGTGCACCCAGCCCATGCTCCNTGCACTTCTGGCCTCCTCGGGTGTGGTGAATGAGTGTGCTTAAGNGAAAGCGACAGCCCATGCTCCCTGCACCTCTGGCCTCCTCGGGTGTGGTGAATGAGTGTGCTTAAAGGGGAAGCGACAGCAGACTCTGGCACTGGCTGTTCTGTCTGTGGCTAAGGAGAATGCCCGGGACGTGTGCTGCCTGCAGGGGTGGCAGGACACCAGCTGCAGAGACACCTCCTGTGCTGCCCTCCGGGGTGGGCTCCAGACTCTCTTCCCGGCTCCTGTGCACTTCAGGTGCGGGGGGCCAGCTGAGTTGAAGGGGAGAGGCAGCTGAGTTTCCGGCACTGTCCTAGCCGGCTCTCCTTCATGACCACAGAGACCACCTTGCTCAGAGAGCTGCCCAGGGAGCTGCTGACTAGGGACCCCCACAATTTTGCTGAGTGAGAAAGGGCTGAGGGTGAAAAGCAGGCAGGTCTGAAAGCCAGAGGGCATCTCTGGTTGCACACAGGATGCTCTCACCTCCAGCAGGAGGGTAGCAGAGCCCAAGGGACTAAACATGGAAGAAGGTGAAATACTCAACCAAGGCCAGAGGCCAGGGTCCTGGTTAGGAAAGCTGGAGGCCCTGGCGGACGCGGTGGAGACACCTGGGCAGACATCTGAGTCCC
CACTCTTCCTGGAAACTCTGAGCCTATGCAATCAGCTCCTCCTTGGGCACTGGGCCTGAGAAAAGGCCAGCTCAACGGCACATGCTGGGCTGCTGCAGGACACAGCTAGTCCTGGCAAGAGGGTGGGTAGTGAGGAGGGCTTTGACCCAAGAAGATGGCCCTCCCGGGGCTGCCACTGAGGAGACTGAACATGCTAAAGGCCAAGGTCTGCTGTGGAGGCAGGGGTTGAAGCTCCAGGAGGCCCAAAAGGAGCGGGGCCAGCCTGGCAGCAGGCCAAGGGCAAGAGTGCCTGGTGGTGTGGATCTGGGTGGGGGCTTGGTGGGCCGGGTCAAGGGCAGGGCTGGGGGCCAAAGGGGTCCTACCCGTAGTTCAGGGAAAATGGGAGGGTGGGCTTAGTGAGGATTTCAGACGTGGGCCTTCATGGTCTCCTGGGGGGTGGACGAAACTGGTCGTGGTGGAGCCTGGGTGAGGGCAAAGGTGGTACACCCCAGAAGACCCTGCTCCAGGCCGCGGTGGGGTGGGCCCTGCAGCCAGCTTGACCTATTTATTCTATTGAGATGAAATTCACATAACAAAATTAATGACGTTAAAGCAAACAATTCAGTGGCATTTAGCGCTTTCATCTTGTCCTGCAACCCTGACCTCGACCTCGTCCCAGAACACGTCCTCACCCTGAAGGGGAACCACTACACGTTAAGCAGTCCGGACCATGTTGGCCCCCTCCCGAGTAGCTCTGGCAACCACCATGTCTTTTCATATAATGTGAATTACTTGTTGTGGACATTTTCACGTTTCACAGGCTTGTACCTGTTGCACAGACCGCCTGGGACTCATGTTCCAGCTGCGCCCTGGGCCGCCCTTTGCTGTGAACATTTACCGCCGGCACGCGCCCAGTCTTCAGCTCTGTACGGAGCGACCGGAAGAGCAACTTCCGGGCCTGTGGAAACTTAGTGCTCAACTATCTGAGAAAGGTCCTTTTGCACACGATCTGCACCCGCCCCGACAATGCGAGAGGGGGTCCAACGCCTCCATCTCCTCGGCAGCACTTACGTCCGCTTTTATTAAATCACAGCCATTCAAGTGGATGTGCCTGGCTGGGTTTATGTCTGTTTTCTCGGTGAACGTGAACGGGGGGGGTACAAG','2000-11-30 13:05:37');
INSERT INTO dna (dna_id, sequence, created) VALUES (366510,'AGACCCTCTCCAACTGCATGGGGGGGTCCAGGCTGGACCCCATATGTGACGGTGTATGTGCTGGGATGGGAGCCCCCTGACAGCACGGCTTTGGCTGATTGACCGACAGTCCCACATGTCTGGCACAAGATAGGGGCCCACTCACTGAAAACCACACACGGCGTCCTCCATTGTGTCCAGGGAAGAGTGGGCCCTGATCACAGAAACACTCCTAGCCCTGGGCAGCCCTGCTTGCGTGCATGCTCATTCCACTCCTACCACCTGCCCAGGTGGGACTCTGCCTGCCTTCCTGTCCCCAGTGCTCTGTAGGAGTTTGACCACAGGTATCCTCTTCATCAGAGAGAGGAAAGCTCACGATCTGGGAGAACTCCAGGCCTGGCCCAGAGAAGACGTCCTTATCTTCAGCAGACATTGCCCAGTGCAAGGGGAGGTCAGTCTCAGGAGACAGTCTCCTGGACAGTGGCGTGGCATCTGTCCTAAGGCCTTGCCTGCAGCACAGGGTGCCACAGAGGTCCCCTGTGACAGAGCCTCATGGCTGGGGCAGGCGGGGGTCGCACCTGCTCCTGCATGAAGAGGCAGATAAAGACCCACAGCATGGTCTCTGGGGTCCCACATCCCAGGTAGAGAATGACCCAGGTCGCTGGCGTCTGTGCCATCTCTGCTCCACTGACCACTCATGGGGGTCCTGGAGATCCTGACACCGGTGGCCGGGGAGCAGCAGCCCAGGCACAGGCCCCAGTGCACATGCAGATCCCACCGTGTCTGCACAAGGCCTTGCCCCAACGAGGCCTGGGTGCCGTGTGAGGGCCGGGACGCTAACACAGCGGAGGGTACCCACGCGTGAGCTGCTCTGGGGTCCCTCCCCGTGTTTCTTCCTGTAATGAAACTTGTACCCAAATGGGATATGCAGGGTTGCACTGTGCAGTCGCTGTGTGTTTTAGGGTCTCATACCCGTGTGCGCCAGCAGGACCACAGCTGTGACCGGCTGCTCCAGAAGAAGTGGGTGGGTTGAGACCCCACCGGCAGGGTCACTGGGGGTAGCAGGCCCTCTGTCAGCACTGACTTCTGTATCATGTCAGGGATTTTTAGGGCGGCAAGCTCAGGTGGACAGGCAGTTTTATTCTGTTTCCCATGTCAAGTCCAGCCCCAGACTGACTTTCTGAGGTCACAGACGGAGCCTCACCCCATCCAAGGCGGTGTCCTGGACTCCCACTGTGCTCCCCAGAGGGCAGGGTGAGTGCGTGGCATCCTTTTGGCGGGCGTGGGTGCCTCTGTGGACCTGGCGTGAGGCTTCTCTGTTTCTGAGTCTCCTATGGACCATCTGTCTTCTGTGTGGCTGCTGAGGAATCACACTGGGGTGGCCGTGCCGGTGGCTGAATGAGAACAGGACCCCCATGCTGCACAGCCCTGCTTAACGCGGGGGTGGCCCCAGAAGCGGGTGGGCGAGGCTGGGCAGCAGGGATTGGCTGAAATCATATGCAGAGCCCAAGAGGCAGGGGAAAGGCGGCAATTTCAGGGTCCCTTTGTTCGCCAGGTACCTGGGGCCCAGCCCGGGCGGCAGGAGGGACTCAGCCCCTCGCCCAGGCAGGAAGGGTCCCAAGCAGAGGCCCCTCCCTCAGGCACTCCCCAGCCCACACCTGCAGCACTGGGACCAAGACTAATAAAACACCAGCCTCACGGAAGACAGCTTTATCTTGTTGATCGGAAGTCTGCCAGCCCAATTTATGATGGAACATAAGATCTCTAAATCTGAATTTACGCTCTGTAGCGTAACGAGAGGTCAATAAGATTAAACGGGGGCTCAGGAGAGGACCAGCGTCAGGCTCACTGCGAAGTGCTGCACAGAAAACCCACAGCAAGAGCCCCTGGGCCCAGCCCAGGCAAGACCAAAAAAGGAGGGGGCAGGTGGGAGACCAGCCTGGGGCTCCCGGGAAGCCCACGGAATGGAGGCGGAAGACCCAGGAGGCCTGGGGCAACCCTGGGACG
GTTCCTGGATCGAGAAGAGCAGGGGGGTGATGAGGGTTCCCTCAGGGCTGGGGAGCCTTCTCCTGGTCTCAGACCCACCCCCCTTCAGCTCCCAAGCCCTGGGTGCCCCTGGCTCTGAGGACAGTTGGGAATCTTCCCTGAGGCAGGTTCAAGGACAGAGCTCTGACCCTGGCCCAGGGCTGCTTTGGGTGCCTATGAACTCGGCTTCTGGCTCAGAGCAGTTCCCTGCACCCCTTCCTGAGCCCTCTGTCCTCTGGAACCCGTGGGCAGGGTGAGGGACGGGTGTTCCTTCTGGGTGGGGGCCTGGGCGCCCAGCCAGCACGACGCTGGCTTGCTGAGCTTAGGGCAGACCCCGACTTCAGAATTTATACAAATAAATGCAATGAAAAGTGCTGGCAACCTGATCTGATTACAGAGTCATTCATTCTCTGGTCGTTAATAATTTGTGCAATAAAGGACTGCAGCCGCTCAGTGCGGGGGAGGCTGTGGCCCAACCTTCCCTCGGCGCCGGCCCCGGGAGCTGGAAGCATAAATTATTAGTTTCTTATCGCTGGGCCTGCCATCGCTCATGCTGCCAGGGCCTGGCGGGAGCTGGTGGCTGTTCTGCTGCCCGCCCTGGCCGGCTCAGGGCCGGCTCTCAGCCGTCGCCTGGGGCCCTTTGTCACCCCCACCCTGGCCCCCCAGGTGTGGGAGCCCCAGAGCCTGCTCAGGCCTGGAGGCTGCTGCTGGAGCCGGCAACTCTGGAAG','2000-11-30 13:05:37');
INSERT INTO dna (dna_id, sequence, created) VALUES (366511,'CACCCAGGCCATCGTGGTGATGGAGTGCCTGGGGTCCTACTTGCCCACCCTTCCTTGCTGGTTCAGAGCCAGCTGTCTGACCACATTCCTACCCTGAGATGAGACTTTGGGGACATTGTCCACCAGGGTCACTGACCCCTTTTAAAATTCCAGAAACAGAGGGCCAGCTGGTCCCCTAGAAGTTTGGCACATGGGATAAGCCAAGGCTTGCCTTCAGGAACAGGTTTTCCACCACGTCGCTGCCCAAGGCCCAGGGCATCCCCAAGTTCATGTGGCACCTGCCTGCCATGTCCACAACCCATGCCGACCCCTCCTAGAGCCACTGGAATGCTTGTTCCTGGGCATGTGATAAACCCAGACAGCTTCAGCCTTGCAGGACAACTATGCACATCTGGCAGCAGTAGCCGGAGGGCCCATGGAAAGAAGTTGGAGGTGAAACCAGATGCTGTGAAAATATTAGGCAAAACTGCATACTATAAAAGTGCTTTAAAATGCAGCAGGAGGAGAGGTGAAGACACAAATGAATAAGTGCTTAGAGACACATGGCTGTCAGAACAGTTAAGAATCCACGCTGCTTCCCCCCTTTACCTAGAAAAGGAAAATTTTAGGCCACCTCCCCCTCAGCATACTCCTCAAACTCCTCCTCCTCAGCCGTGGCATCCTGATATTGCTGATATTCAGACACCAGGTCGTTCATGTTGCTCTCGGCCTCGGTGAATTCCATCTCTTCCATGCCCTCGCCCGTGTACCAATGGAGGAAGGCCTTGCGCCTGAACATTGCTGTAAACTGCTCTGAGACACGCTTGAAGAGTTCCTGGATGGCCGTATTATTCCCAATGAAGGTGACTGACATTTTTAGCTCCCGGGGTGGGATGTCACAGACGGCAGTTTTTAAGTTGTTGGGGAGCCAGTCAGCAAAGTAGCTGCTGTTCTTATTTTGAATGTTGAACATTTGTTCATCCACCTCCCTCATGGGCATGCGACCCTGGAAAATGGCAGCCGCCGTTAGGTAGCGGCCGTGACGGGGGTCACGGGCAGCCATCATGTTCTTAGCATCAAACATCTGCTGGGTGAGCTCAGCCACAGTCAAGGCCCGGTACTGCTGGCTGCCCTGGCTGGTCAGTGGGGCAAAGCCGGGCATGAAGAAATGCAGCCGGGGAAACGGGACCATGTTCACGGCCAGCTTCCGCAGGTCAGCGTTCAGCTGGCCCGGGAAGCGCAGGCACGTGGTGACCCCACTCATGGTAGCAGACACCAGGTGGTTCAGGTCACCATAGGTGGGTGTGGGCAGTTTTAGGGTCCTGGAACATATGTCATATAGCGCTTCGTTATCTATGCAGAAGGTCTCATCCACATTTTCTATGAGCTGGTGGACTGAGAGGGTGGCGTTGTAGGGCTCCACCACGGTGTCCGACACCTTGGGCGAGGGCAGGACGCTGAATGTGTTTATGATCCTGTCTGGGTACTCCTCCCGGATCTTACTAATGAGAAGGGTACCCATCCCAGACCCAGTCCCCCAACCCAGGGAGTGGGTCAGCTGGAAACCCTGCAGGCAGTTACAGCTCTCAGCCTCCTTTCTGACAACGTACATCACTGACTCCATCAGCTCGGTGCCTTCTGTGTAGTGTCCCTTGGCCCACTTTTTTCTGGCCCCACACTGACCTGTAAGACAGTACAGCCAGTCACTCCACGGCCAGGTATACGGTCATCAGTGGTCACCACCATAATGCAAAAAGGACCAAGTGTCACGTGTGAGGTGAGAGCACCATTCGCCCTGCAGGTGGAGCAAATGAAACCCCCTCCCCCGGAGTTACAGGACAGCAGCTTCCCCTGTTAGAAATTAAGTCAGGAGTCAAACCTGAGACGGGCTAACCTCGCTGCAGGTGGAGCAAATGAAACCCCCTCCCCCAGAGTTACAGGACAGCAGCTTCCCCTGTTAGGAATTAAGTCAGGAGTCAAACCTGAGATGGGCTAACAGACCTCGCT
GCAGGTGGAGCAAATGAAACCCCCTTCTCCAGAGTCACAGGACAGCAGCTTCCCCTGTTAGGAATTAAGTCAGGAGTCAAACCTGAGATGGGCTAACCTCGCTGCAGGTGGAGCAAATGAAACCCCCTCCCCCAGAGTTACAGGACAGCAGCTTCCCCTGTTAGGAATTAAGTCAGGAGTCAAACCTGAGATGGGCTAACAGACCTCACTGCAGGTGGAGCAAATGAAACCCCCTTCTCCAGAGTCACAGGACAGCAGCTTCCCCTGTTAGGAATTAAGTCAGGAGTCAAACCTGAGACGGGCTAACCTCGCTGCAGGTGGAGCAAATGAAACCCCCTCCCCCAGAGTTACAGGACAGCAGCTTCCCCTGTTAGGAATTAAGTCAGGAGTCAAACCTGAGACGGGCTAACAGACCTCACTGCAGGTGGAACAAATGAAACCCCCTCCCCCAGAGTTACAGGACACATTTTTAGGTCTTAGACTTCAATATTTAAAATATTTGTCTCTGGAATTTGAAAATAATATGTATGCCTTGTTTACTGGATTAAAAGGCTAATCACTTATTCATCTGATTAGTAATCAAAGTGTCTAAAATTTATTTAATACTTGATGTTACTTTGTTTTATATAAATGTGTATTTCTACGATAGTTTTAGTGTCATCTAATATTATTTTCAATGTTGTAATTTTTATTTATATGAATCTTTGTGTTATACATCTTAATGTCACTGGTATTAAAACTATATGTGCAAATAGCTTGAAATAGCACCTAACACATCATGGATTCTATGTAAATATTCACCACTCTATTTCATCACATTTTAACCAATTCATACTATTCTTCATTTGCTAACATTTTATTTGTCCTCATTCAAATTTGTGTTGGTGTCCTGTCTACATATTAATAAAAGAGAGGAGGTAGGCCCAGACTTCCATCTCGATTAAATACTAAGACATTTTCCTAGTTCTATTTATACACAACATTACATTTGTCTCACACTATAAATATGAGTATTCAGTTAAGTACAGCAAAAAAAAAAAAAAAATCTTAACCTTCCTACAACAGATGTGGGGATATTCACAGATTGTCCACAACTTCTTTCTCCCAACATTATTTTTATTCTTACATCTAAACTGCCATGAAAACCTAAAAGCTTGAAATACTACAAATTAAAAACAAATTCCCTGCTATACAGAAATTGTAAAAGTAACCCAAGAAGAAAGAGAATTTTTGCATCCTCATACAGCAGGTAAACAGATTAGACTAATGAAAACTCTTCATCAGTCTAGCCCAGGCTCACAAAGCTTCACTAGGGAATTCTATTAAACACTTAATGAATAACCAATCCTTCACAAACACTTGCAAAGCAGAGAAGCGGGAAAACCTCATTTCATTTTTGAGGCCAGTTTTACCCAGATAACAAATCAGACAAAAGCTTCACAGGAAAATAAATGTGCAGACTATTATCCCTCATGAATGAAGACAGAAATCTCCAAAAACTCTAGTAAACTGGAAGAAGCACCACATAAAAATGTTAGATAAGCCTGGCATGGTGGTGCACACCTGTAGTGCCAGCTACTTAGGAGGCTG','2000-11-30 13:05:37');
INSERT INTO dna (dna_id, sequence, created) VALUES (366513,'AGAACAAGCGGTGTGGCCCGAGGCCGTCACACAGCACCTGTGCTGAGAGTGAGCTGACGTGGACGGCGGCACCGTGGCCGTGGCAGAGGCACCATCCCTCCACCCTCACTCATGTAGGGATGTGGGGCACACGGACTGGAGCCCAAGGCCTTCGTGCTGGGCCCTGGCTCTGCACTCGGCTCCCAGAGTCTCCCACCCAATGTCAGAGAGGGTGCCGCAACAGTGCTTCGGGGGCTCCTGTCATGAGGGCTGAGGACCACCTAGGCCCACGTCCGCCCAGCAGGTGGCAGCTGCATCCCCGGTCCCCTCCACAACCCGGGCCAGGTCCAGGCTGCAGGCCGCAGTGTTGGCAGGGGGAGGAGAGGGTGAAATTGGCTGAGCCCATCCATTGGGACAGACCCTCCCGCTCCTTGGGGCTCTGGAGAACTCTATTCCTTCTCTTTGCTTAACCTCAAGGTGCTGGGGCCTCTGGCTGCTGCAGCATTTACAGAGGAATTGTCTGGGATGTGCCGGGCCGAGCACTGTAGCTCTCGCCGGTGTCTGCGTCAGCACGCTAGTGACATGGCAGGTGAGGACCACGGCACCGCCCCTGCGATCTGGCAGTCAAAGCCCACCTGTGTGTCTGACAGGAGCATTCCCTGGACTACACACCACGGGACGGCAGGGAAAGGTTCCCTTCGGGGCCCCACCCCTTTGTTCCTTTCCAATGGTAAAGGTTCAAGTCCGTTGGACAGACTTGGAATTTGGAAAACACCCTCCTTGGCGTCCTCGAAAACGACGTGGCAACGCAAGCCCAGCTCACAAGCACCCCCAAAAGGCAACCGGGGCCAAGTTGGCATTCACCCGGCAGAGCCCCCTTCCTTGGTCTTGACCCAGGAAGCCCAGGGTGCCGTTTCCCTTGAAGGTTCCCTGGCCCACTTTTCTTGCAAGGAACCCGTCCCGAGGGGAGCCCCCAACTGATAATTACCACAGCCCCCTGACCTCCCAGGTTAGCCTTTCCATCCAACAGCACCAGGACTGGACAGGCCACCTTGGCTGAGGATCACGTGTGCCTGGGTCTGGGCGGTGCTGATGCCCACAGGCCCTGAGTCTGTGTTGCGCACAGGCCTTGGAAAGCAGTGCACATCCTGTCTGCACCGGTGTCTATAGTGAAGCCATCTTTGTCCGTGTGGCCATGGGAGGGTCTGTCTGTGCTGTGTGTGTGTCCTGCGCGCGTCGGGAGCTGCTGCGCCACACACAGGCACGCAGGGTGTGGGCACACCTGTGCTTCTGAGCCCACGTGCCCTTGCCGGTGGCCAGGCACACACACAGCTGTGCATCCTTGGCCCAAGATCAGCTGTGCCACACCTGCAGGCTGCAGGATCTTTTCTGTATATCTCCCTCCATCACCAGAAGTAAGCTCAGGACTGAGGCTGACAGGCTGGTCTGAGCGCTGCTCACCTGCACCTCCTGGCTGCACCTGTGGCCCCGGACTCAGCTTCCCCATCTCTCTCCTCCCCACCCCACCTCTGGGTCATCTCCGGCTGGGGCTGTACCACATCTGGGCTCAATAAATGGTTGATTGATTGATGAGGGGATGGATGAGAAGGGCTCTAAGAGAAATGCTGGGGAGCCTGGGCAGGCACTCCCGGATGGCGGAGGCGGCATGCGGGCTGGGGCAGCGGCCCCTGGCGCCCCCACACTCCCCCAGGACGTCTGGGGTCACCGTCTGCTCCATGGCAGCCCCAGGGTTATTTATGACCTCCTCCCTCTGGCGGCGGGAGGCAGGCTCCAGCCTCAGCCCAGCGGCGGAGGGGCCCCAGCAGGGGGACCCGGAGCAGCGACAGAGGCACCAAGGCCCAGGCAGGCGGGGCTCGGTGGGCCGGAGGAGGGGCGGTGGAGTCCACACCGCCAGGTCCCTGCCTCGCTCAGGATGATTCCAGCGCCAGAACTCCGTTCCTCTGGCCTCTGCCGCCAGCCTGAGGAGTGCAGGGGAGAGTGGGGCCC
AGGTGTCCCAGACCAAGACAGGTGTGTGAGTGGACATGGGACACAGGTGTGGTAGTGGAAGGAAACGTGTAACCAAGTGAACACATCACACAGATGTGCGAGCAGAACCAAGAAATTGGAAAACAGGTGTCCCCATGAACA','2000-11-30 13:05:37');
INSERT INTO dna (dna_id, sequence, created) VALUES (366515,'CTTTCTTTTTTCTTTTCTTTCTTTTTTCCTTCTTATTTATTTATTTATTTATTTATTTATTTATTTATTTATTTATTCGAGATGGGGTGTCGCTCTGTCGCCCAGACTGGAGTGCAGTGGCGCAATCCCAGCTCACTGCAGCCGCCACCTCCCAGGCTCAAGTGATCCTCCAGCCTCAACCGTCTGAGTAGCTGGGATCACAGACGCCATCGCCAAGCCCGGCCTCCTTTTCATTCATGATAGCTGGAGTGAAGTATAATTAACACGTAATACACTTCAAGTATTTATTTATTTAACTATCTATCTATCTATCGTTTGAGACGGAGTCTCACTCTGTCGCCCAGGCTGGATGGAGTGCAGTGGCTCCATCTCGGCTCACTACAACCTCCGCCTCCCGGGTTCCAGCGATTCTCCTGCCTCAGACTCCTGAGTAGCTGGGACCACAGGCGCCCACCGTGTCCGGAGAATTTTTGTATTTTTAGTAGAGATGGGGTTTTGCCATGTTGGCCAGGCTGGTCTCGAACTCCTGATCTCAAGTGATCTGCCCGCCTTGGCCTCCCAAAGTGCTGGAATGACAGGTGTGAGCCGCCCCGGTCTTCAAGTATTTAAAATGTGCAGTTCGCTAGGTTTGGACACATATACCCCCGGGAGCCACCACAAACGTCTCCAACACTCCCAAACGTTCCTTTGGCCCCTTGGTGATTCTTTCCCTCCCCACACTCAGGCAACCCCGAATCCGCTGTCCCTGCAGAGTAAGTTGCATTGGCTAGAATTGTCCGCTGGGCCCTTCTTCGTACAGGACAGAAAAGTACAACACGCCTGTCCTCTGTGACAGCGTTTCTTAGAGATTCACCCACACTGTGGTATATGTCAATTGTTGCTTTTCATACAAAGTGTTCCATTGTTGGATACACTACAGTTTCTGTATCCATGCCTCTCTTGATGGACATTTGGATTATTTCTAGTTTGGGGCTATCACAGGTAAAACTGCTACGAACATTTGTGTACAAGTGTTTGTACTGTGAAAGGAAAGTGAATTTTGGGACCCCCCAAATCACTGAGCCAAATGGAAAAGTCAAGCTGGCAACTGCTTAGGGCCCACCTGCCTCCCGTTCTATTCTTTAAAAAGACAGCTTCTAAGATTTAAATAATAAACAGCTGCCTCCCTCCCTCAGGACGTGTTCACAGGGGAACTCCTTGCAGACACAGGATGAGCAGAATTCAAAGCCGTTCCTCTGCTTGCTGAGATGAGTGAACATCTAATCAGAAACTCAAAAGAATGCGACCCTCTGTTTTATCACCTGTGACCTGGAAGCCCTCTCCCCTCTTCAAATTGTCTCGCTTCTTGGGACTGAACCAATGTACATCTTACACATATTATTGAAGTCTCATGTCTTCCTAAAATGTAGAAAACCCAGCTGTACCCCGGCCACCTCGGGCACAGGTCGTCAGGACCTCCTGAGGCCGTGTCACGGGCACGTCCCTAACCTTTAACCTTGGCAAAATCAACTTTCTTTCTTTTTTTTTTGAGACAGAGTCTGGCTCTGTCGCCCAGGCTGGAGTGCAGTGGCGCCATCTCGGCTCACTGCAAGCTCCGCCTCCCGGGTTCATGCCATTCTCCTGTCTCAGCCTCCCGAGTAGCTGGGACTACAGGCACCCACCACCACGCCCAGCTAATTTTTTAGTATGTTTAGTAGAGACGGGGTTTCACCGTGTTAGCCAGGATGGTCTCGAACTCCTGACCTCGTGATCAGCCCGCCTCGGCCTCCCAAAGTGCTGGGATTACAGGCGTGAGCCACCGCGCCCGGCCTGGCAAAATCAACTTTCTAAATGGATTCAGACCTGTCTCAGATACCTGGGGTTGACCGTGTGGACACATGCTTTCATTTCTCTTGGGTACATACTCGGAATTGGAGTGGCTAGATCATATGATAGGTATATGTTTAACTTTTTGAGAAACTGCCAGACCGTCTTCCAGTGTGGTTG
TACAATTATTTATTCCCACTAGAGGTTCCAGGCTCCGTGTCCTCGTCCTCACCCACACTCAGCGCGGGACAGCTTTGTAATTCAGTCATCCCAGTAGGCGCTCATTCTGGTTTTAATTTGCATTTCCTTAATGATGAACAACACTGGGCATCTTCTCACGTGTGCATTTGTTATCCATGTATCTTCTTTGGTAAAAAGACTGATCAAATATTTTGTCCATTTTATTTTATTTGAGACAGAGCCTCACTCTGTTGCCCAGGCTGGAATGAAGCAGTGAGATCTTGGCTCACTGCAACCTCCACCCCCTGGGTTCAAGTGATTGTTCCACCTCAGCTTCCCGAGTAGCTGGGATTACAGGTGCTGACACCACACCTGGCTAATTTTTGTATTTTTAGTAGGGACGGGGTTTTACCATGTTGGCCAGGCTGGTCTCAAACTCCTGACCTGAAGTGATCCACCCAACTCGGCCTCCCAAAGTGCTAGGATTACAGGCCTGAGCCACTGCACCAGCCCAGGTTTCTTTACATATTCTGCATGTAAGTCTTTTATCAGATATGTGATTTATTTTCTTCCAGCCTGTGGTTTGTCTTTTCTTGTCTTTTTTTGAGATGGTGTCTTGCTCCATTGCCCAAGCTGGAGTGCAGTGGCATGATCTCAGCTCACTGCAACCTCCGCCTCCCGGGTTCAAGTGATTCTCCTGCCTCAGCCTTCTGAAGTAGCTGAGACTACAGGCACCCACCAACACAACCCGGGATAATTTTTGGGATTTTTGGGTAAAGATGGAGTTTCACCATGTTGGCCAGATTGGTCTCGAACTCCTGACCTCAGGTGATCCGCCCACCTCAGCCTCCCAAAGTGCTGGGATTACAGGCCTGAGCCGCCGCGCCCAGTCTTTTCATGTTTTTAACACTGTGTCTTGAAAAAGAGTTCATGCTTAACAATGAGGATACACAAAATTTTTTTAAAAAAGAAAAAGAAAAGTTCTTCCTTTTAATGAAGTCTAATTTGCCCATCTTTCTTGATGTATTATTCTTTTGGTGTCGTATCTAAGAAATCTTTGCCTAAAGGTCACAAAGATTTTTAAAGTTTTCTCCAAAAAGTTTTATGGTTAGATTTTGCATTTAGGACTATGATCTATTTTTAGTTAATTTGTGTATATGGTGTGAGGTAAGAATCTGTTAATTTATTTGCATATGGATATACAGTTGTTTTTGAACCACTGTTGAAAAGACTCTCCCGGCCGGGCGCAGTGACTCAAGCCTGTAATCCCAGCACTTTGGGAGGCTGGGGTGGGTGGATCATGAGGTCAGGAGTTGGAGACCAGCCTGACCAACATGGTGAAACCCTGTTTCTACTAAAAATACAAGAATTAGCTGGGTGTGGTGGCATGCGCCTATAATCTCAGCTACTCAGG','2000-11-30 13:05:37');
INSERT INTO dna (dna_id, sequence, created) VALUES (409437,'CAAAGGACCAAACAGCTTCCAAGTAACTTCCTGGAGTCCTGAGCAAAGTAAGCTTTTCTCAGCTTTGCTACAAAAATAGTCAGCACCCAGCAAAATTCACAATCCCTGTCACCCATTCAAAAATCACCAGGCATGCGAGGAAGCAGGAAAAGGAAAATGCACCCAGAAGAGAAGGAGCACCCATCAACGGGGCCGCCTCAGAAGCAACAGACGACCGGGCAAGTCCAAGGGCACCGAGGCACCTGCCACCACTGCGCCCAGCACTCCCGAAGCCAGAGGGCAGGTGGGACATAGGTGGGGACGTTCTGAGCAAAAACGCATGCGGCCAAGCTGGGGTCGCCCGTGGGAAGAGGGCGAAACGCTTGCACGTGGGTAGGGCAGTCTCTGCAAAGGGCTGTGTGGGCTCCGGGACCAGATGCTGTGAGGGCCTCACCAGCTGCGAGGTGGCAGGACCAGATGCTGTAAGGGCCTCACCAGCTGCAAGGTGGCTGTCTCTGCCCCACCCCACACGCTCAATGCATGTTAATTTCATCTTGTTTCATTCTCATTCCCATTTTACAGATTGAGGTTCAGAGAAGTCAGAAGCCTTCCCAAGGCTGCACAGCCAGAAGTGGGCACAGCGTCCTGGGGTGAGGGCTCACACCATCTGCGCCACCTGCCCTCCAGGTCCCACCATCCTCACAAATTCAAGGCAAGGTTCTGGAACCCCCAGCCCTCCAGAAAGGGGAAGCTGAGCCCAGGAAGCACATCTGAGAGTTCGGGTCCGTGAGTTTACCCTGCGCTCACGCCGATTCCTCCTGCATCCTCTGTCGGGATGTCTGGATTCCAGAGTCCCCACCCTGATTTTCCAACCTTGCCTCAGCCTTGGCTTCTCCCTTTTGGGGTGGGACAGGGAACCCAGCAGCAGGTGTATGAGGGCATGAGAGGGCAGGAGGTGCCCTATGCCTACCCGCCAGACCAGGGCCCCAGCCCTGGACACAGGGAGAGAGCATGAGCGCTGTTCCTGCTCCCACTCCCTCATCTGAGCAGGTGCTCCCAGGTACAGGTGCCGAGTCCGCACCCAGAGGGCCCTGCCACAACCAGAGGACTGACAAACCCAGACACAACTGTCTCTTCCCCCTGGTCAGGGTCTGGGCAAGGGATCCTCTGGGCTGCTGTCCATGCTGTGAGTGTCCGTGCTGTGGACCTGCCGTGGGTGTCCGTGCTGTGGCCTGCTGTCGTGGGTGTCGTGTTGGCCCGGTATGTGAGGTTGGTTTCCAACAGGGAGTAATTTGGCTTTGGTTACCTGAGGGTCTGA','2000-11-30 13:05:37');
INSERT INTO dna (dna_id, sequence, created) VALUES (409444,'GAGAGTATGGGTCTGATATAAGAGACAGTGATGCCGGGCAGCCACAGGAGGCATCGGGGAGAACCCTCGGGCACTGCCAGGACCCCGTTGTCCCCTGAGTGAGGCATACGGAGCGGCCAACACACAGAGGATCGACCCCAGAAATCTCCTCACATATTTCAGGCTGGGGGCTGGAAATGGGCAACGGTGAGGACACTGACACCGAGGAGATTGGCAAACGTTACAAATCAGGGCATCGGTGTGTTTCTGTGTCTGTTTTTTGTAGAACCAGGTGTTAAGCATTTACCATACAATACTGCAGACGTGGGAGGGTTTTGAGTGTTACCCAGACACCCCCAAATTCTTCTAACAAGTCTTCAGAGGTTGAATAACCCAAGCCATGTTACACAGCTTAGGAAAGAATGAAGATGGGTTTAATCCACTGAGTCCAGATCTCACCATCTCTACCACTAGACCAGGCAGCTCTGTGTGGGGAAGTGTGTCTGTGTGTGCGTGTGTGTGCACAAGTGTGTATGTGTGCATGTGTTTGCACGTGTATATGTGTGCACACATCTGTGTGTATATGCACAGGTGTATGTATACGTGTGTGTTGGTGTATTTGTGTGTGTGTGGAAATGTATGCATGTATGCAGTGTGCATGTGTGCATGCATGTGTGTGCATGTGTGTATAGGTGTGCATGTGTATGTGTGCACGTGTGTATGTGCACGTGTGTATGTGTATACATGTGTATGGGTGTATTTGCGTGTGGATATGTATGCATGTGATCACGTGTGTGCATATCTGTGTATGTGCAACTGTGTATGTGTGCACGTGTGTATCCATGCATATGTGTGCGTGTGTGTACATGTGTGTATAAGTGCGTATGTGTGTTCCCGTGTGTATGCATCTGTGTCTGTATTGTGTGGCATGTATGTGTCTATTGTGTGTGTATGCATGTGTGCGTGTATGCATTTATACATGTGTATGTGTGCGCATATATGGATGCATGCATGTTGCCTGCATGTGCACGTATCGGGTGTGTGTGCGTGTACGTGTACAGAATATGCATGTATGCATATATGTATGCACGTGTGTGTAAATTCTGCCGTGACTGTTTTCCTGTGGAAAGGCTGAGTGTGCATGTTCTGTGCCTGTGGGGGGCTGTTCTTCACGTATGTGTTGTGTGGCTGTCACAGGTTCTGTGCCTGTGGGGGGCTGTTCTTCACGTATGTGTTGTGTGGCTGTCACAGGTTCTGTGCCTGTGGGGGGCTGTTCTTCACATATGTGTTGTGTGGCTATGCACAGGCAGACCATGCTATAGTCCTGTAGCTGTGTGGATGCGAGCGGAGGGGGTAGGGCCCAGGAGGCCCCATCCCCTGAGCTCTACTCCTCCTAGGACATCCTGGACCTGGAGAACCAGCGAGAAAACCTGGAGCAGCCATTCCTGAGTGTGTTCAAGAAGGGGCGGCGGAGGGTGCCTGTGAGGAACCTGGGAAAAGTTGTGCATTACGCCAAGGTCCAGCTGCGGTTCCAGCACAGCCAGGTGGGGGCCGGGCTGGGTGGAGCACGCTAAGGGTGCAGCATCCCCAGCAGCCTGGGGCTCCCCAGACTCCGCACTGACGACCCTGCTCCCCGCGCAGGATGTCAGCGACTGCTACCTGGAGCTATTCCCCGCCCACCTGTACTTCCAGCCCACGGCTCGGAAGGACTCACATTTCAGGTGAGGCGGTGGGCAATGGGGTGGGCCATGGCCGCCCTTCCCTCCATGGATCCCTGAAGCTCCTCCTACCCTGTGCCTGGCAGGGGCTGTTACCGCTGACGGAGCTGAGTGTCTGCCCGCTCGAGGGGTCCCGAGACACGCCTTCCAGATCACAGGTGTTTGGGATGCTTCCCGNAGNGCCAG','2000-11-30 13:05:37');
INSERT INTO dna (dna_id, sequence, created) VALUES (409450,'ATCCTCCTCCCCGGAAACCATCCCGCTTCCCCCGACCCCTTAACTTGCTCTCCTCCGGGGAGCCCCGGGACCCGCGGCACCAAGAAGTCGAATGAGACCCCGAGGCCAATCCGCCCGTGTTCGCCTCACGCGCCCCCTCAGCGCCAGGGCTGGGGGAGCCGTGCCATCCCCCGCGGCGCCCTTGTCGCGGGGTCTGGCTGTTCCAGGCCGGGAGCCCGGGTGTCAGGCTGGTAGCGGGAAGGAAGACGCCGGCCTCCCCACCGTCTTCGTCCCGTGCGGCGTCCCCGGGAAGAGCCGCGGTCGGCACCCAGAGGGCCATGGACGGGGAGCGCCCTGCGTGGTGTTCGTGGCGCTGGCCCGGTCTCCGCGGATCGGAGGCGAAGCCAGCCTGGCCCTCGGGTCGCCCGTCTTTTGTCGAGCTGGCGACATCAGTGCGGTTCCCACTGCCCCTCGCGTTTTCCACTGGACTCCCTGCTTTTTATTGTTGATTTGTGGGAGCTCTTTGCATAGGAGCCCCGCCGTTGCAGTCTGGCGTCCTCGCATGGCGCGTCGCCTATCGGAGCGCGGNGCTGTGGCTGCGGCGCCGCCAGGAGACATCCCGGTCTTCCCCGGGGCGGACACCGGCGTCACCGCGTCCTACGGAGCCGGGCGCCGAGCGGGAGGCANTCCTGGGCCCCACCGGNCCCGCACCGAGCACGCAACGCCCTCCCGCCCTGAGGCCGCCGGCGTTGCGGTCGGAGAACCATAGAGCCACTCGGCTGGGCGTGGCGCGGCGGGGCGGGGAAAGGGCTGGGCCTGGGCGGCGGAGAGCTCACCGCGCGGCATTCTGGGGCCGGAAGTGGGGTGCACGCTTCGGGTTGGTGTCATGGCAGCTGCGGGGAGCCGCAAGAGGTAAGCCGCGGGTCCGAGGCCGATTTGGCCTCCGGTGGGTGTCTGTATCCAAGGGGGCTTTTCTTGCTCCTCTCAGCGGGGCTGGGGCGAGCTGGGCGTGCGGGCAGCTGTGACTCCTGCGTGACCCGCAGCGCCTGGCGGAGCTGACGGTGGACGAGTTCCTAGCTTCGGGCTTTGACTCCGAGTCCGAATCCGAGTCCGAAAATTCTCCACAAGCGGAGACACGGGAAGCACGCGAGGCTGCCCGGAGTCCGATAAGCCGGGCGCGACGTCGGCCAGGTTAGTGGGGACATGCGTGAGACACCTCTTGCTCGTCCTGTCCCACCCCGGTTGGGTTGCTGACCTCGCCTGGGGTCTCAGGGCCAAGGCCTAAGGATCGCCGACCTCTGCCCCCCAGTCCTTTCAGCTTAACTTACTCTTTCATCCGATGTTTACTGAGCTCCTGTTCCGTGCCAAACTCTGTCCTAGGCAGGGAGCGTATGTTGGTGAGTTGTGCAAAAATCTCTTCCCGATCTAGGAGAACTCTCACGTTCTTGGGTGAAATCACCGCCTGCAGTTCGGTAGAAGAGAGATAAGTGCTGGGGAGGGAAAGGAAGGACAGAGGGGCTGAAGAGAGAGTTGCAGGGGAGCCGAGTTGCTCTGTTAGAAGGAGCGGAGGCTGTGCTCGGTGGCTCACGCCTGTAATGCCAGCACTTTGGGAGGCCGAGGCGGGCAGATTACCTGAGGTCAGGAATTCGAGACCAGCCTGACCAACACGGAAAAATCATGTCTCTACTAAAAATATAAAAATTAGCCGGGCGTGGTGGGCACCTGTAATCCCAACTACTCGGGAGGCTGAGGCAGGAGAATCGCTTGAACTTGGGAGGCGGAGGTTGCAGTGAGCCGAGATGGCACCATTGCATTCCAGCCTGGGTGAGAGAGTGAGACTCCATCTCAAAAAGAAAAAGAAAGAAATCAAAAGATACAAAAATTAGCCTGGCGTGGTGACACACACCTGTCGTCCCAGCTACTCGGGAGGCTGAGGCAGGAGAATCGCTTGAACCCGGGAGGCGGAGGTTGCGGTGAGTGGAGATTGCGCCACTGCACTCCAGCCTG
GGCGACAGAGTGAGATTCCGCCTCAGGAGAAAAAAAAAAAAAAAAAAAAGCGGAGGTGGTTGTTTGAGAAGATGACGTCTGAATAAAG','2000-11-30 13:05:37');
INSERT INTO dna (dna_id, sequence, created) VALUES (409456,'ACACTCTCCTGCCTGCCTGTCCCCATTTGGCTGCAATAGACCATTGACAACATTCAGAGAACAAGAAGGGGCCTCACCTGCTTTCCCGGACATGTCAGAGGCAGATGGGCATGCCTAGGGGACCTGGGGTAGCGCCTGTTCATCTCCCCACCCCTGGGCTATGCTGGCTTCATCTTATCTGTGTGATGGGGGTAGGGTGGGAATTACCAAGAGACCAACACACAGGCCATGGACAAGTTCTACAAGAGCCAGGGAGAAGAACACTGTCCGTGCGTGTTGCCCAGCACCCAGCTCACACACACAGCTCTCATTTGACAGCTTCCCCAAAGCAGGCTTTGCAGTCCAGGCTCCCCAAGAAGCCTGGGGAGGAGACTCTGCCAGGCTGAAGGGCCTATCCCCAAAGGTGCCACCCTCACCAGGCTCATCCTGACAATCTTGGATTATTTTTTCCCTGAAGTTTTGGAGTGGGGGACAGGGAGACAGCAGACACTGCACATCACCCACCTTTCCAGAGAGCATCAGCCCTCCAGAGTGGGGCAGGTCAGACCTCCACTCGGGCGTTTTTCCTCACTGGTTGCCAGTTGGGGGAAGCAGCACTTGTGAGCACCTGCCTGTCTCCCCAGGTCCTGTTCAGAAACCCCATCTGTGCCTTTGGAGAGACTGCCCCGAGCACACAGGCCCAGCAACCGCCATCTATGGCCCCCAGGACCTAATCCCTTCTACATAGGGTTCAGTGCATGTGAGTATACACCGGGCTTGATTCCTGCCTAGTCCCTGCCAGATACCCCATGCCCACCTGGTGAAGAGAATGAGGCCACACAAACACACCCAGGCCATCGTGGTGATGGAGTGCCTGGGGTCCTACTTGCCCACCCTTCCTTGCTGGTTCAGAGCCAGCTGTCTGACCACATTCCTACCCTGAGATGAGACTTTGGGGACATTGTCCACCAGGGTCACTGACCCCTTTTAAAATTCCAGAAACAGAGGGCCAGCTGGTCCCCTAGAAGTTTGGCACATGGGATAAGCCAAGGCTTGCCTTCAGGAACAGGTTTTCCACCACGTCGCTGCCCAAGGCCCAGGGCATCCCCAAGTTCATGTGGCACCTGCCTGCCATGTCCACAACCCATGCCGACCCCTCCTAGAGCCACTGGAATGCTTGTTCCTGGGCATGTGATAAACCCAGACAGCTTCAGCTTGCAGGACAACTATGCACATCTGGCAGCAGTAGCCGGAGGGCCCATGGAAAGAAGTTGGAGGTGAAACCAGATGCTGTGAAAATATTAGGCAAAACTGCATACTATAAAAGTGCTTTAAAATGCAGCAGGAGGAGAGGTGAAGACACAAATGAATAAGTGCTTAGAGACACATGGCTGTCAGAACAGTTAAGAATCCACGCTGCTTCCCCCCTTTACCTAGAAAAGGAAAATTCTAGGCCACCTCCTCCTCAGCATACTCCTCAAACTCCTCCTCCTCAGCCGTGGCATCCTGATATTGCTGATATTCAGACACCAGGTCGTTCATGTTGCTCTCGGCCTCGGTGAATTC','2000-11-30 13:05:37');
INSERT INTO dna (dna_id, sequence, created) VALUES (409480,'GGGCGTGGTGTCGCCGGGGAGGGCGTGAGTGGTGGGAGAGGGCGGTGGGGCGGGCAGATTGCTTCCCACCGCCGGGAAATGTGGGGGCGCGGTCGGGAGGGGTGCTGTTGAGCAGCTAAGGAGGTGTCGGTAACGAGACGGGCCCTGAGGCTGCGTCGGGCAGCCCCTGAAGAGACAGCCAGGGATGGAAGCGTCCCGGCTTGACACTGTGCCTGCCCTCAGCCTCGACACTGAGGCCCAGAACTTTAGGAGGTCGGTGCACGCCAGGCTGCCAGGCCGGTCTCTCCGTGGGCAGCTGAGCAGGCCACAGTGTGGAAGAGGCTCCAGAAAACCGCAGCCCTGCCGCTCAATCGTGAGTGGCCAGCAGATAAAGTCTTCCTTGTTATTGTGGCAGCGTACGCGTACTGCGGTGAGGCCGGCACTGCTGAAGAGATGTCAATTCACAGAGCTTGACTATGACCCAAAGGTGAGGTCAGGACTCCGGGAGAGGATGGCAGCGGTCTTCAGGGGAAACTCTCCTTTTCTTCTGTCTGGACACTGGAGCCACACACTCGCCTGTCCCCATCCTCCCACAGCATAGGGCTCCTGGGACCTCGGCCCTGGGCAGGATTTGGGGGATGGCCACGTCTCTCTGAGTGGGCTCTGCTCATGGTCCTCACAAGGCCCGGGACATGGATGAGACCAGGCTTGCGTCCTCTGCCTCCCCGCCCCACTGTGGCTGTGCCAGCCTCCCTGACAGGGGCTCTTCCGTCCACGTGCCCCTCCTGGGCCACTATCCCGTTATAAACAGGCAGGAGTCTTCCTTCCAGCCTCCCTCTGGGGCGGGCAGGCAGCACGGCGATCACCTGCCCCCACTCCCTCATCTATCACCCTGAACTGTGTTCACGGTAAAATTACTCATCCTCAGCCAGTGATAAATGGCATCAGTCTAGAGCCAGCCCGCGGCAGGGGGTGGGCTCCCTGCTCAGGGTTCCCAGGCCTGGGCCAGATAAACCTGGNTGATGCGCCTTTGTCTCACACGCAGCTGGCAATGGCAAGTCAGTGGATTTGTACGTGTCTGATGTGTGCCCTTGGTAAAAGCACACGTGTGCACGATTCTGTGTGCATGTGCTTGCGGGGGCTGGGGGCTGAGGGAGGCCATCTGGGATGTGGGGTCTGGATGTGGTGGCCAGGGTGGGCGCTAGGCAGGCAGCAGAGTGGAGAAGGTATGTCACCAGGAGAAGGGACCCAAGGAATCGAAGAGCAGGGGGAGCCACTGAGTGGGGTGCAGGGAAGATGGGGTGTCTGGGAGCTCAGCCTCGTGCAGAGGGAGGGAAGCAGGCAGCTCCTGGGTGCACGGGTGGGGCATACTCTCTACAGATTCAATGCTGGATTTGTATAGTGTATAGATTTTCAATAGTTATTTAAAATCATCAAAAACAATCGTGTTTACAATTTACTGGGCAGCCACTATATGCTGGTCAACATCTAGAATTTATCAACAATTGTACAAGCCAAGTATTTTATCCTCATTTCTACAGAGGATAAAACCGAGAATAAGGAACTTTACATTGTCAATGATCAAACACCTAGTGCACCCATGGCCGTGCGTCCGCAGGACAAAGCAGCCTTTGGAGCCCTGGAACTTAAGATGTCCAGAGATCAGCAGCTCTCGGCTCAGGCCCAGGCAGCTGGACAGCACCCAGCGCCTCCTCCAGGTCCTCCTGGGTCCCCTCCTTTCTTTCACTTTCAGCCCGGGAATCTCTGTGAAGTCCTAGCTGATAACTAAGGGGTTAATGAATAATCACAGTGATGAGCTCTGGAGGAGCATGGCCCAGAGCAGCTGTGGCCTCCTTTGATTAAACCACAGAAGTCCGGAGATTCAGGCCTCAAACCTCCACCACCTGCCAGCTGGACCTGTGAAGGAGGTGGGACCAGCACCCACCTCACAGTGGCTGCAGGGTCACCTGAGATGGTGATTGCAAAGTGCTGAGCCATCGGGACACA
TATTTCCAAGACCTCCTGAGTGCCGGCTGGCCCCTGGAGCAGAGATGAGACCCCTGTGGGCCTACAGTCCAGTTATGAAGGCAGGGTTCCTGTGTAAGCCAGCAGGCCCAGTTCTGGAAAGGCCAGGATGTGGGTTCAGAAGCTCAAGGACAATGGACTCATTCTGACTGGAGGGATCCAGGAAGGCTTCGTGGAGGAAGTGGCATTTGACATTGGCATCAAGGATGAACAGGAATAGAGAGAGGGGACTGGTGTCTGCGTGAAGGATCGCCAAAGCGCTGTTCTGGGGTGAGGGCGATCAGCCCCTCCTGCCCCTCCTGAACTATGAGGCTCGGGACCTTTGGCAGAAGGTGGCTCTGCACGCCCCAGGTGCAAGCTTGGAGCTTCCTTTTCTGCACTCCACAGCAGGAAGAAGGGCAGTGTGAACTGCTCACCACTGTCTTCCTGGGTTTGCAGCTCTGCGCCTGGCACAGAGACAGGCTCAGTGACGGTTGAAGGAATCGGAGAAATAATGAAAAGTGTGTTCATCCTGCAGGCAGCAGAGCCTCGGGTTAACCGTTAACGTCAGGAAATGACAGATCCAACGCTCCTGCTTGGGGCAGCGTGGAGGCCAGCGGAGGAACTGCAGGAGCCTAAAGGAGATGGCGCGCGGGCCTGGCTCAGGAGAGCAGCCGTCTGAAAGATGGCGGCGAAGGGTGCGGGAGGAGATGCCCCGGGCAGGGGCTTGGCGGGGTCTGGCACCAAACTTCCCAAAGCAGCTGCCTCTGTGAACTGTGCCTGGCAGGGAGGGAGCCACACCGGGAGTGACCCTAGACGCTGGCTCCCCAGGGGTCGACTGGAGGCAGTGTCTCCCGCCCATGTGCGCTCCGGCTTGGGTCCCAGAGCTCTGCCCTGCTGCTGGCTGCACTGAGAGAGGTGGCCTTCTGAATGGGCCCTGTCCCCGGGGAGCCTCTGGTAAAGAGATTCACCTGCACCCTCAAAACACGCCATGCCCATTGGAGGCTCTGGGTGCAGGCTGCCCCTCAAACAGAGAAAAACCACACGCTGTTTAAGACCCAAACCAAGGAGACAGCCCCTCATGCCCCCTTCTATCTCCCCTTCTGTCCAGGGCCCCCTGCCTGCTCTGGTCCACCCCGTCCTGACCCCCTCTGCCTGTTCATCTGAGGGCCGTGAGCAAGGCCTGGGCTGGCCAAGGGTCAGGGATCCTGGGACCTGCTTGAGACCATGCCCCATACACTCCTTCGGCCAGAAGGTCAGCCGTAGAGACAAACCCCCACCCTGAGCCCGCAGTGTCAGCAACGCCCTGTCCTCAGTGCCAGGCAGTGTCAGGCTGAGACCCGGGCCACCTGATCCAACGTCCACTCCAAGCAAGCCAGAGCCAGGTGCTGCCAGCCTGCCCATGTGCACACGTTAGCAGACAGGTTTCCTGGTGTGGCACACACGTGTTATGACCGCGGCTGCTGCCCCAGCCCAGAGTGCACTTCCGGGTAATCCAGCACCCTGAGGCTTCACTGCTCTCCTGAGAGTTTTCTAAGATTAAATCTCCTTCACAATGACAGCCTCCTGTCACCTGGGCCCTGGTGACAAAGCCTTTGGAGAGGCAAGGACCCAGCCGGGGCATTCACAGTGGGCATGCTATCCACCCTCCGCCCCTGTCCTGGCCCCCACAGTGGAGCCGCCACCTTGGGTAACAGGGGCTGCCTGAGGTCCTGGAGAAGGAAGAACCAGGTGGCCCACCTTCGGTGCACAGGGAACAGCAGGGACCTGACGGCAGCCCCCGCACCCCTCCCTGGGCTGAAGTTCAGGCTGTCTCATCCCTTGCCAGGAGCTCAGGGCTGAGCTAGGTTGGCAGGGGATGGGTTGAGGGTCTGTTGTCCAGCAGATTGCCCGGGCCCCACCCAGGCCACTCAGAAAACACCTGTGAGAGCCCCGCAGGCATGCAGGGCACATGTCGTGAGCACACCAGTGGGGACAGACGTCCAGGCAGGAGGGAGCAGCCAGACCCCCATCCCGCCAGGGTCACCAGGTGAGCAAGGCTGGGGAACA
ATGGAGGCGCCGGCGACTGCCCAGCTCACTGCCCCCAGTGTCCAGGCTGTGGTGCAGGCGTGGGGACCCAGGTGTGTTCAGGGGTCTCCTTCAGGGAAGGAGCACAGCCTCGGGAGTCTGGGGAGGCTGAGGTGTGAGGTGACAGCAGGTAAAGAGTGAGCCACAATCAGCATTTTCACATGAAAGGAAACTACAGGCCTGGGCGCAGTGGCTCACGCCTGTAATCCCGGCACTGTGGGAGGCTGAGGTGGGAGGATCACCTGAGGTCGGGAGTTCGAGACCAGCCTGACCAACATGGAGAAACCCCATTTCTACTAAAAAAAATACAAAATTAGCTGGGCATGGTGGCGCATGCCTGTAATCCTAGCTATTCGGGAGGCTGAGACAGGAGAATCACTTGAACCCGGGAGGCGGAGGTTATGGAGAGCCAAGATCGCACCACTGCACCCCAGCCTGGGCAACAAGAGTAAAACTCCGTCTCAAAAAAAAAAAAAAAAGAAGAAAGAAAAAGAAAAAAAGAAAGGCAACTACAGAAGGTGAGGAGAACCACCCGAGATCACCAGAGGGAACCGTGGAAGGTCCGTGGTCCACCAGCCAGGCTGGCACCTCAGCCCTGGGCAGAGCACCCAAGCAGGGCCGTCCGCTAAAAAGGAGGGCAAAGTCAACCCAAACTACAAGCT','2000-11-30 13:05:37');
INSERT INTO dna (dna_id, sequence, created) VALUES (409483,'ATGTGTGTCTGCGTGCATCTATGTACCTGTGTGCACCTATGTGCATACACACGTGTCTGTGTGCACTTGTGTGCATGCATTTGCATCTGCATGTGTGTACTGTGCGTGTGTACCTGTGCGTGTACCTGTACACTTGGGTGCATGCATGCACGTCTGCTTGTGTGTGCCTGTGCGTGTGTGCACCTGTGTGCATGTACGTGCGTCTACGTGTGTGCCTGTGCATGTGTGCGCCTGTGTGTACCTGTGTGTATGCATCTTTGCACGTGCACATGCCACTCAGGTAGGGAAAGATTGGAGTCCGAAGTTTCAACTTTCAGTGGGTGGGTTAGGCCCCACCCCGCTGTAAATTTAGGAATTCACGATCTCCACCCTGTTTATCTAATGAGTTCTCAGCCTCATGAAGGCCCAGAGTCGTGTCACAGCTGTCCTTGGGGCTGGGTCCCAGGTTGCTGGGTCCAGAAGGTATGGAAGCCCCAGGCACGTTCTGATTCCCCTTCCACTGAGGCAGGGATGCTGAACATCTTTAGGAAGCCATGTTCACTCCCATGGCAGCCAGCAGTGGTCTCTGATTGCCCAGCCCTTGGCCTGGCCCCTGTGTCTGTGGGCCTCCAGCTCTGCTGCCCAGCTCCAGGCATGCTTTGTGTCTGTTTCCCTTGTCCAATCTCCTTGGCTACGTGCTTTCTTACTCTCTTGCAGTGTCTGTTTCTTCACTTGTGCACTGCCCTGGTTCACTGCAGCCGCACCCTGTAGGCCCCTCTCACGCAGGGATGCAGGCCTCTCCTCTCCGGAAAAAGCAAACCCTAAAAGCTAAAACAAAGCCCTCAGCTGTAGGCCGTGCCTGCCCTTCCCCGGTGCCTGGACAGGAAGCCAGTCGCCTGCCCATACTTTTGGCCCAGGCTAGAGAAGGGCAGTGTCCTCCCAGAGGTTCATCAGTACCAGGGCGTTTTCCCATCTGGACCTGAGCTCAGCTGTCTGGCAGCCACCCCTGCTGAGTGGGGTGTCTTGCTGGGGCCTCCACCCTTGGGCCCCCCATAATCTGCTTCTGTCCTCTGGTGCCCCAGCATGTACCCTGGATCTCTCTGGTTCACAGCCTGAGGGCTCCTAGTGGTTGGGGAGGGGTCACAAGACTGAGAGGCCAGGCTGACTCTTTCTCTGCTCCTCCTGGCATGTCCTACGGAGGTGCATGGCCTGTGGCTTCTGTGGAGGGTGTGGGAGGGGCCCCCCAGGCCTCCCGTGACCTCCATCTGTCCCGTCCTGTGTCTGGCACTCTTTGCTGTTGCTGCTGCGTCTTCTGGTTGCTCGGGACGGAGCCCCATGTGGCATTGCTGTGCTGAGGGCCAGGATGGGCCTCAGTGCCATGTTGTCAGGAATGGGGGCTGTCCTGGTACTCTGTGTGGCAGGGACCTCTAGGTCTCCAGACGTGGGTCCTTAGTGCTTCCCAGGATTTTGGGAGAGGGCCCGTGTTCCTGATCCTTCCCTGCTGATCAGAGCCCCACTCGGGGACACGCCAGGCTGTGTGGGGCCATGGGGCTGGGACCGTGCCTAGCTGCTTATCTCTTGTTTCGGGTTGGGTCTCCTCGTGCTGAAGCCTGAGGACCAGGGTGACCAGGGTGCAGCCAGGTGCAGGGCCAAAGGGACCAGGGGGACCAGGGTGCAGCCAGGGTGAAGCCAGGGTGACCAGGCATGGGGCCGAGAGAGCCTGACACTGGCCCTTGGGGCAGATGTTCCAGCAGGTCGACTTCAACAGGAAGCCAGGGCGCATGAGCTCCAAGCCCATCAACTTCTCCGTGATCCTGAAGCTGTCCAATGTCAACCTGCAGGAGAAGGCGTACCGGGTGAGGCTGGCTCCTGGGGAGGGCCTGGGCAGTTCCCAGGGTGGGGTTGGGGGTGCTGAGGTGGATGGGAGGGGGCTGGCATCCTCCAAGTTCAAGCATGGACCTTCATGGTCTCCCAGGGCTGGGGCATGGAGCCCCTTCCTTGCAGTCC
GTGCCCTGGAGATGGCGCTGCCCTGACAGCCTGAGGGGAAGGGGCCTGAGTGCAGCCCCAGCCTCTCCCTGATGCACTCGGCCCTCTCTCCTGCTCTTCAGGACGGCCTGGTGGAGCAGCTGTACGACCTCACCCTGGAGTACCTGCACAGCCAGGCACACTGCATCGGCTTCCCGGAGCTGGTGCTGCCTGTGGTCCTGCAGGTGTGTGTCCTGCCCACACCGGCTCGTGGCCGACTCAGACTGTCTTATAACGGGCTTGGCTGCCCCAGGCTGGTAGGAGGTGCCCTTGTCCCGGGTACCTGGGACTGGGGTGGAACCTGACTGCTGGCAACGCGCCCCGTGAGGCCCCCTTGGAGGGGCTGATGAGGGGTTCTAAGCCATTCAGGAGGTTTGGGGGCAGGCCTGGGCAGTGGGCTGAGGACCCTGGGAGCACAACAGCCTCCTCCCCAGGTGGGAACCACAAGGCTGATCTTTGCTTCGGGGTTGGGACTGAGCATGCCGACCCTGGCTCAGGCTGGTACGCTGATCGCACACTTCCCCAGGCCATCCCGGGTGTGGGGAGTGGGTGGAGTGGCTTCTCAGGTGGCAGGAAGGCCTGGCCTGCCCCGCCAAATACCCCACATCAGCCTCATAGGAAGGCCCAGCCTGCCCCGCTAAATACCCCACGTCAGCCTCATCTTAGGCAGGAGTGGGGTGGAGGAGGGGGTTCTCCTTATCCTCAGAAGGTCCTTCTGGGCCCCCACGGGAGGTCTGTTTGCTCTCAGCCGTGATGTTTCCAGCCTCAGGGAGCGCTGTGCTAGTGGAAGGGGTGGGGGCCTGCTGTCTGGCCCTGGTGCTGGAATCAGATGTGCCGACTATAGGTCTGTGCAGTGTGGGGAGGAGGGATCTGCTCACATGAGCCACAATTGGTCAGAGGCTTATCCAGATAGAGGTGTGTGCATGTGTGTGTACTCACACACGGCCACACATGTCACATGCACAGAGCCGGGACCCCCTTTCTGGGGCACTCACAGCATGGGCCACAGCCTCTGTTCCTGCCCATGTCCTACTTGGGTGGTGATACCTGGCATTGGGGCATCTCTGCTTCTGGACTCAAGGGCCCAGGGTCGGGTTCTGGGGTAGGGGTCAGAAAATGTTTTTGGTGAGGGGCCAAATGGTAAACGTGGCTTTCTACGGATGTTCAGCTGCACAGGCAACTGCAGAACCATGCAATGCACACGTGTGGCTGCACGTCAGCGAGACTGTATTTTATTAGTAGTAGTAGTATTGTTTGAGATGGAGTCTCGCTGTGTTGCCCAGGCTGGAGTGCAATGGTGCGATCTCGGCTCACTGCAATCTCCATCTCCTGGGCTCAAGCGATTCTCCAGCCTCAGCCTCCCAAGGAGCTGGGTTTACAGGCGCCCACCACCACACCCAGCTAATTTTGGTATTTTAGTAGAGACGGGGTTTTGCCACGTTGGCCAGGCTGGTCTTGAACTCCTGACCTCAGGTGATCCACCCGCCTCAGCCTCCCAAAGTGCTGGGATTACAGGCGAGACACCACGCCTGGCATAAAACTTTATTTCCAGAGGTGAGTAGTGGGCAGGGTTGGCCAGAGGTGGGCTGATTCTGCCTCTGCCATCCCAGCTGCAACAGCTATGCACTTGAGCCCTGAGATGGGATCCATGTCCCCTCCTGCGTAATCCCCGTGGCCACCACGCGTGTTTTGCACAGGACCTGGGCCAGCTGTGCACATGGAGCGGTCCTGGGCTTCAGTGGCTGACCCCTCCCTTCCGCAGCTGAAGTCGTTCCTCCGGGAGTGCAAGGTGGCCAACTACTGCCGGCAGGTGCAGCAGCTGCTTGGGAAGGTTCAGGAGAACTCGGCATACATCTGCAGCCGCCGCCAGAGGGTTTCCTTCGGCGTCTCTGAGCAGCAGGCAGTGGTTAGTGGGCCCTGGGGGTAGTGCCACCTGAGGGCACCTGCCAGGGTATAGCCCCAGCTACATGTGGGGGTTTGCCCAGGGTGAGGCATGACCCTGAACTCCCCCAACCCCCCAGGAAGCCT
GGGAGAAGCTGACCCGGGAAGAGGGGACACCCCTGACCTTGTACTACAGCCACTGGCGCAAGCTGCGTGACCGGGAGATCCAGCTGGAGATCAGTGGCAAAGAGCGGGTGCGGCTCGGCGAGGGGACCTGGGGGTGTGTTGTGACTTCCTGGGTTTCAGATCTAGCGCACTATGACTTGAGACCAGGGCGAGGGTTTGGAAACAGTGCCAGGCGGCAGGCCGTGCCCGGATGATTCGACTTGGAGAGGGGGTAGGTGTTGGAGAACTGGCCAGAACCAGGCGTTTCCAGGGAGGGGAAGCCCAGGCTGCACTAGGTTGGGGAGGCCATGCCCCCTCAGGCCTGATGGGCTGGAGGCTCCGGGCAGGTGGAGTGGCTGGACTGACCTCGTCACCCAGGCCAGTATGTGGGCACCAGGGGCCCGTGAGGAGAAGCAGGAAGGGCTCTGCCTTTGACCTTGGACATGGGATGGACAACTTGGAGGATGGCTTTGTGATTTGGGAACAGAGGGGACTAGAAATTGGCCACATGGGGCCCTGGTGGTGGGTCTGGCGATGCCTGGCCCTGCTGTGCCGCCAGCCCCTGCCCTCTCTCACCTGAGCCCCTGGTTCTTTGGCCTTCCAGCTGGAAGACCTGAACTTCCCTGAGATCAAACGAAGGAAGATGGCTGACAGGAAGGATGAGGACAGGAAGCAATTTAAAGACCTCTTTGACCTGAACAGCTCTGAAGAGGACGACACCGAGGGATTCTCGGAGAGAGGTGGGGCCTGCGTGGTGCTCCCAGGGGAAGGGATGGGCCTGGAGGGTCTGCTGGACTTCCCAGAGCCACGAGGGCCACCTGTACCCATCCTGCAGGGGGCTCACCAGTCTCTGGCCCAGCTGGGGCCAACCTCAGTGTTGCCAGGCTTCTGGTGCCAGCGCCTTCCCTCCTTGAAGTGAAGGCCTACTGGGATTGGTAACTCTGTCCCCAGGCCTCGTGACCTCCCAGTTCCTCCCCAGGGCTCCTCTCCACCTGCTGGAAGTCAGCGGAGGGAAGGGTGTTGGGAGCCTGGCCACCCTCCTGCCCCCACTGTGACTTTGCTGGTGGACCCTGTGGGTGGGAGTCATATGGACTCTGCTTCTTGTTCCTCAGGGATACTGAGGCCCCTGAGCACTCGGCATGGGGTGGAAGACGATGAAGAGGACGAGGAGGAGGGCGAGGAGGACAGCAGCAACTCGGAGGGTGAATGGTCTTGGGGTGAGAGGGTGTGCCCTGTGAGCCCATCTGGCGGGAGGCAGAGCCACGTGGGCGGGGGGCGTGGGGCTCTGGGCCAGGCTTTTCCCTCCCTGGGAAGGCCAGGCCAAATGCTCTGTTCTCTGGCAGCCAGCAACAGGGATAAATTAATTAGTGCCGTGATTAATTAGTGATGAGTAACCTCTAAGGCTGGCTTCTTCCTGATAAAGCAAAATTTATGTAGCCTCCATCTCTCCCCGCAGATGGAGACCCAGACGCAGAGGCGGGCTGGCCCCTGGGGAGCTGCAGAGCTGGCCCAGGGCCGGAGGACGAGCTGGAGGATCTGCAGCTCTCAGAGGACGACTGAGGCAGCCCATCTGGGGGGCCTGTAGGGGCTGCCGGGCTGGTGGCCATGTGTTTCCACCTCCCTGGCAGTCAGGCCTAGAGGCTGGCGTCTGTGCAGTTGGGGGAGGCAGTAGACACGGGACAGGCTTTATTATTTATTTTTCAGCATGAAAGACCAAACGTATCGAGAGCTGGGCTGGGCTGGGCTGGTGTGGCTGCTGAAGCCCACAGCT','2000-11-30 13:05:37');

INSERT INTO meta (meta_id, meta_key, meta_value) VALUES (2,'assembly.default','UCSC');

INSERT INTO protein_align_feature (protein_align_feature_id, contig_id, contig_start, contig_end, contig_strand, analysis_id, hit_start, hit_end, hit_name, cigar_line, evalue, perc_ident, score) VALUES (1,315837,605,1660,-1,9,94,444,'TBB1_ELEIN','1056M',1.1e-154,80,1509);
INSERT INTO protein_align_feature (protein_align_feature_id, contig_id, contig_start, contig_end, contig_strand, analysis_id, hit_start, hit_end, hit_name, cigar_line, evalue, perc_ident, score) VALUES (10,315828,5426,5536,1,9,260,296,'YU20_HUMAN','111M',6.4e-264,92,1202);
INSERT INTO protein_align_feature (protein_align_feature_id, contig_id, contig_start, contig_end, contig_strand, analysis_id, hit_start, hit_end, hit_name, cigar_line, evalue, perc_ident, score) VALUES (11,315828,5715,5765,1,9,297,313,'YU20_HUMAN','51M',6.4e-264,92,1202);
INSERT INTO protein_align_feature (protein_align_feature_id, contig_id, contig_start, contig_end, contig_strand, analysis_id, hit_start, hit_end, hit_name, cigar_line, evalue, perc_ident, score) VALUES (12,315828,6030,6041,1,9,314,317,'YU20_HUMAN','12M',6.4e-264,92,1202);
INSERT INTO protein_align_feature (protein_align_feature_id, contig_id, contig_start, contig_end, contig_strand, analysis_id, hit_start, hit_end, hit_name, cigar_line, evalue, perc_ident, score) VALUES (13,315828,6030,6143,1,9,297,334,'YU20_HUMAN','114M',6.4e-264,99,1338);
INSERT INTO protein_align_feature (protein_align_feature_id, contig_id, contig_start, contig_end, contig_strand, analysis_id, hit_start, hit_end, hit_name, cigar_line, evalue, perc_ident, score) VALUES (14,315828,6718,6906,1,9,335,397,'YU20_HUMAN','189M',6.4e-264,99,1338);
INSERT INTO protein_align_feature (protein_align_feature_id, contig_id, contig_start, contig_end, contig_strand, analysis_id, hit_start, hit_end, hit_name, cigar_line, evalue, perc_ident, score) VALUES (15,315828,7179,7316,1,9,398,443,'YU20_HUMAN','138M',6.4e-264,99,1338);
INSERT INTO protein_align_feature (protein_align_feature_id, contig_id, contig_start, contig_end, contig_strand, analysis_id, hit_start, hit_end, hit_name, cigar_line, evalue, perc_ident, score) VALUES (16,315828,8081,8191,1,9,445,481,'YU20_HUMAN','111M',6.4e-264,99,1338);
INSERT INTO protein_align_feature (protein_align_feature_id, contig_id, contig_start, contig_end, contig_strand, analysis_id, hit_start, hit_end, hit_name, cigar_line, evalue, perc_ident, score) VALUES (17,315828,10716,10829,1,9,482,519,'YU20_HUMAN','114M',6.4e-264,99,1338);
INSERT INTO protein_align_feature (protein_align_feature_id, contig_id, contig_start, contig_end, contig_strand, analysis_id, hit_start, hit_end, hit_name, cigar_line, evalue, perc_ident, score) VALUES (18,315828,11087,11188,1,9,520,553,'YU20_HUMAN','102M',6.4e-264,99,1338);
INSERT INTO protein_align_feature (protein_align_feature_id, contig_id, contig_start, contig_end, contig_strand, analysis_id, hit_start, hit_end, hit_name, cigar_line, evalue, perc_ident, score) VALUES (19,307706,2088,2189,1,9,520,553,'YU20_HUMAN','102M',2.9e-133,94,1307);
INSERT INTO protein_align_feature (protein_align_feature_id, contig_id, contig_start, contig_end, contig_strand, analysis_id, hit_start, hit_end, hit_name, cigar_line, evalue, perc_ident, score) VALUES (2,307680,419,436,1,9,4,9,'YU20_HUMAN','18M',3.2e-15,91,204);
INSERT INTO protein_align_feature (protein_align_feature_id, contig_id, contig_start, contig_end, contig_strand, analysis_id, hit_start, hit_end, hit_name, cigar_line, evalue, perc_ident, score) VALUES (20,307706,3767,3910,1,9,554,601,'YU20_HUMAN','144M',2.9e-133,94,1307);
INSERT INTO protein_align_feature (protein_align_feature_id, contig_id, contig_start, contig_end, contig_strand, analysis_id, hit_start, hit_end, hit_name, cigar_line, evalue, perc_ident, score) VALUES (21,307706,4026,4139,1,9,602,639,'YU20_HUMAN','114M',2.9e-133,94,1307);
INSERT INTO protein_align_feature (protein_align_feature_id, contig_id, contig_start, contig_end, contig_strand, analysis_id, hit_start, hit_end, hit_name, cigar_line, evalue, perc_ident, score) VALUES (22,307706,4655,4789,1,9,640,684,'YU20_HUMAN','135M',2.9e-133,94,1307);
INSERT INTO protein_align_feature (protein_align_feature_id, contig_id, contig_start, contig_end, contig_strand, analysis_id, hit_start, hit_end, hit_name, cigar_line, evalue, perc_ident, score) VALUES (23,307706,5165,5251,1,9,686,714,'YU20_HUMAN','87M',2.9e-133,94,1307);
INSERT INTO protein_align_feature (protein_align_feature_id, contig_id, contig_start, contig_end, contig_strand, analysis_id, hit_start, hit_end, hit_name, cigar_line, evalue, perc_ident, score) VALUES (24,307706,5557,5610,1,9,733,749,'YU20_HUMAN','54M',2.9e-133,94,1307);
INSERT INTO protein_align_feature (protein_align_feature_id, contig_id, contig_start, contig_end, contig_strand, analysis_id, hit_start, hit_end, hit_name, cigar_line, evalue, perc_ident, score) VALUES (25,307706,5509,5556,1,9,716,731,'YU20_HUMAN','48M',2.9e-133,94,1307);
INSERT INTO protein_align_feature (protein_align_feature_id, contig_id, contig_start, contig_end, contig_strand, analysis_id, hit_start, hit_end, hit_name, cigar_line, evalue, perc_ident, score) VALUES (26,315837,638,1663,-1,51216,93,434,'AK011263','1026M',1.9e-222,89,1626);
INSERT INTO protein_align_feature (protein_align_feature_id, contig_id, contig_start, contig_end, contig_strand, analysis_id, hit_start, hit_end, hit_name, cigar_line, evalue, perc_ident, score) VALUES (27,315837,638,1663,-1,51216,93,434,'AK010960','1026M',1.9e-222,89,1626);
INSERT INTO protein_align_feature (protein_align_feature_id, contig_id, contig_start, contig_end, contig_strand, analysis_id, hit_start, hit_end, hit_name, cigar_line, evalue, perc_ident, score) VALUES (28,315837,614,1663,-1,51216,93,442,'AK010786','1050M',1.2e-219,87,1624);
INSERT INTO protein_align_feature (protein_align_feature_id, contig_id, contig_start, contig_end, contig_strand, analysis_id, hit_start, hit_end, hit_name, cigar_line, evalue, perc_ident, score) VALUES (29,307664,1462,1545,-1,51216,407,434,'AK010960','84M',2.4e-11,100,142);
INSERT INTO protein_align_feature (protein_align_feature_id, contig_id, contig_start, contig_end, contig_strand, analysis_id, hit_start, hit_end, hit_name, cigar_line, evalue, perc_ident, score) VALUES (3,307680,1023,1145,1,9,10,50,'YU20_HUMAN','123M',3.2e-15,91,204);
INSERT INTO protein_align_feature (protein_align_feature_id, contig_id, contig_start, contig_end, contig_strand, analysis_id, hit_start, hit_end, hit_name, cigar_line, evalue, perc_ident, score) VALUES (30,307664,1438,1545,-1,51216,407,442,'AK010786','108M',1.1e-09,78,133);
INSERT INTO protein_align_feature (protein_align_feature_id, contig_id, contig_start, contig_end, contig_strand, analysis_id, hit_start, hit_end, hit_name, cigar_line, evalue, perc_ident, score) VALUES (31,380445,28189,28476,1,51216,13,108,'AK011629','288M',1e-112,55,259);
INSERT INTO protein_align_feature (protein_align_feature_id, contig_id, contig_start, contig_end, contig_strand, analysis_id, hit_start, hit_end, hit_name, cigar_line, evalue, perc_ident, score) VALUES (32,380445,28195,28491,-1,51216,26,124,'AK005805','297M',2.1e-47,68,312);
INSERT INTO protein_align_feature (protein_align_feature_id, contig_id, contig_start, contig_end, contig_strand, analysis_id, hit_start, hit_end, hit_name, cigar_line, evalue, perc_ident, score) VALUES (4,315828,76,99,1,9,1,8,'YU20_HUMAN','24M',6.4e-264,90,41);
INSERT INTO protein_align_feature (protein_align_feature_id, contig_id, contig_start, contig_end, contig_strand, analysis_id, hit_start, hit_end, hit_name, cigar_line, evalue, perc_ident, score) VALUES (5,315828,2046,2219,1,9,61,118,'YU20_HUMAN','174M',6.4e-264,92,1202);
INSERT INTO protein_align_feature (protein_align_feature_id, contig_id, contig_start, contig_end, contig_strand, analysis_id, hit_start, hit_end, hit_name, cigar_line, evalue, perc_ident, score) VALUES (6,315828,2293,2424,1,9,119,162,'YU20_HUMAN','132M',6.4e-264,92,1202);
INSERT INTO protein_align_feature (protein_align_feature_id, contig_id, contig_start, contig_end, contig_strand, analysis_id, hit_start, hit_end, hit_name, cigar_line, evalue, perc_ident, score) VALUES (7,315828,3103,3222,1,9,163,202,'YU20_HUMAN','120M',6.4e-264,92,1202);
INSERT INTO protein_align_feature (protein_align_feature_id, contig_id, contig_start, contig_end, contig_strand, analysis_id, hit_start, hit_end, hit_name, cigar_line, evalue, perc_ident, score) VALUES (8,315828,3307,3393,1,9,204,232,'YU20_HUMAN','87M',6.4e-264,92,1202);
INSERT INTO protein_align_feature (protein_align_feature_id, contig_id, contig_start, contig_end, contig_strand, analysis_id, hit_start, hit_end, hit_name, cigar_line, evalue, perc_ident, score) VALUES (9,315828,5237,5314,1,9,234,259,'YU20_HUMAN','78M',6.4e-264,92,1202);
INSERT INTO repeat_consensus (repeat_consensus_id, repeat_name, repeat_class, repeat_consensus) VALUES (1,'L2','L2',NULL);
INSERT INTO repeat_consensus (repeat_consensus_id, repeat_name, repeat_class, repeat_consensus) VALUES (10,'MER63','MER63',NULL);
INSERT INTO repeat_consensus (repeat_consensus_id, repeat_name, repeat_class, repeat_consensus) VALUES (11,'7SLRNA','7SLRNA',NULL);
INSERT INTO repeat_consensus (repeat_consensus_id, repeat_name, repeat_class, repeat_consensus) VALUES (12,'L1','L1',NULL);
INSERT INTO repeat_consensus (repeat_consensus_id, repeat_name, repeat_class, repeat_consensus) VALUES (13,'MLT1B','MLT1B',NULL);
INSERT INTO repeat_consensus (repeat_consensus_id, repeat_name, repeat_class, repeat_consensus) VALUES (14,'L1M4','L1M4',NULL);
INSERT INTO repeat_consensus (repeat_consensus_id, repeat_name, repeat_class, repeat_consensus) VALUES (15,'AluJo','AluJo',NULL);
INSERT INTO repeat_consensus (repeat_consensus_id, repeat_name, repeat_class, repeat_consensus) VALUES (16,'LTR2','LTR2',NULL);
INSERT INTO repeat_consensus (repeat_consensus_id, repeat_name, repeat_class, repeat_consensus) VALUES (17,'L1MB5','L1MB5',NULL);
INSERT INTO repeat_consensus (repeat_consensus_id, repeat_name, repeat_class, repeat_consensus) VALUES (18,'AluSc','AluSc',NULL);
INSERT INTO repeat_consensus (repeat_consensus_id, repeat_name, repeat_class, repeat_consensus) VALUES (19,'AluY','AluY',NULL);
INSERT INTO repeat_consensus (repeat_consensus_id, repeat_name, repeat_class, repeat_consensus) VALUES (2,'AluSx','AluSx',NULL);
INSERT INTO repeat_consensus (repeat_consensus_id, repeat_name, repeat_class, repeat_consensus) VALUES (20,'AluSg','AluSg',NULL);
INSERT INTO repeat_consensus (repeat_consensus_id, repeat_name, repeat_class, repeat_consensus) VALUES (21,'HERV16','HERV16',NULL);
INSERT INTO repeat_consensus (repeat_consensus_id, repeat_name, repeat_class, repeat_consensus) VALUES (3,'L1MEc','L1MEc',NULL);
INSERT INTO repeat_consensus (repeat_consensus_id, repeat_name, repeat_class, repeat_consensus) VALUES (4,'MIR','MIR',NULL);
INSERT INTO repeat_consensus (repeat_consensus_id, repeat_name, repeat_class, repeat_consensus) VALUES (5,'L1ME2','L1ME2',NULL);
INSERT INTO repeat_consensus (repeat_consensus_id, repeat_name, repeat_class, repeat_consensus) VALUES (6,'AluSg/x','AluSg/x',NULL);
INSERT INTO repeat_consensus (repeat_consensus_id, repeat_name, repeat_class, repeat_consensus) VALUES (7,'AluJb','AluJb',NULL);
INSERT INTO repeat_consensus (repeat_consensus_id, repeat_name, repeat_class, repeat_consensus) VALUES (8,'AluSp','AluSp',NULL);
INSERT INTO repeat_consensus (repeat_consensus_id, repeat_name, repeat_class, repeat_consensus) VALUES (9,'MER4A2','MER4A2',NULL);
INSERT INTO repeat_feature (repeat_feature_id, contig_id, contig_start, contig_end, contig_strand, analysis_id, repeat_start, repeat_end, repeat_consensus_id, score) VALUES (3721679,307680,1302,1434,-1,1,2579,2710,1,288);
INSERT INTO repeat_feature (repeat_feature_id, contig_id, contig_start, contig_end, contig_strand, analysis_id, repeat_start, repeat_end, repeat_consensus_id, score) VALUES (3721680,307680,1548,1853,1,1,1,309,2,2198);
INSERT INTO repeat_feature (repeat_feature_id, contig_id, contig_start, contig_end, contig_strand, analysis_id, repeat_start, repeat_end, repeat_consensus_id, score) VALUES (3721681,307680,1854,2035,1,1,124,307,6,1375);
INSERT INTO repeat_feature (repeat_feature_id, contig_id, contig_start, contig_end, contig_strand, analysis_id, repeat_start, repeat_end, repeat_consensus_id, score) VALUES (3723291,307700,2037,2241,-1,1,2401,2610,1,277);
INSERT INTO repeat_feature (repeat_feature_id, contig_id, contig_start, contig_end, contig_strand, analysis_id, repeat_start, repeat_end, repeat_consensus_id, score) VALUES (3723292,307700,2380,2487,1,1,2596,2706,1,224);
INSERT INTO repeat_feature (repeat_feature_id, contig_id, contig_start, contig_end, contig_strand, analysis_id, repeat_start, repeat_end, repeat_consensus_id, score) VALUES (3723293,307700,4189,4230,1,1,661,699,3,307);
INSERT INTO repeat_feature (repeat_feature_id, contig_id, contig_start, contig_end, contig_strand, analysis_id, repeat_start, repeat_end, repeat_consensus_id, score) VALUES (3723294,307700,4231,4542,1,1,3,312,8,2297);
INSERT INTO repeat_feature (repeat_feature_id, contig_id, contig_start, contig_end, contig_strand, analysis_id, repeat_start, repeat_end, repeat_consensus_id, score) VALUES (3723295,307700,4543,4706,1,1,699,878,3,307);
INSERT INTO repeat_feature (repeat_feature_id, contig_id, contig_start, contig_end, contig_strand, analysis_id, repeat_start, repeat_end, repeat_consensus_id, score) VALUES (3723429,307706,3255,3538,-1,1,2,288,2,2041);
INSERT INTO repeat_feature (repeat_feature_id, contig_id, contig_start, contig_end, contig_strand, analysis_id, repeat_start, repeat_end, repeat_consensus_id, score) VALUES (3723479,307657,2,211,1,1,924,1136,3,443);
INSERT INTO repeat_feature (repeat_feature_id, contig_id, contig_start, contig_end, contig_strand, analysis_id, repeat_start, repeat_end, repeat_consensus_id, score) VALUES (3723480,307657,536,649,-1,1,40,158,4,322);
INSERT INTO repeat_feature (repeat_feature_id, contig_id, contig_start, contig_end, contig_strand, analysis_id, repeat_start, repeat_end, repeat_consensus_id, score) VALUES (3723767,307674,159,298,-1,1,1,755,10,405);
INSERT INTO repeat_feature (repeat_feature_id, contig_id, contig_start, contig_end, contig_strand, analysis_id, repeat_start, repeat_end, repeat_consensus_id, score) VALUES (3723768,307674,359,457,-1,1,7,112,4,193);
INSERT INTO repeat_feature (repeat_feature_id, contig_id, contig_start, contig_end, contig_strand, analysis_id, repeat_start, repeat_end, repeat_consensus_id, score) VALUES (3723769,307674,409,486,1,1,2550,2626,1,180);
INSERT INTO repeat_feature (repeat_feature_id, contig_id, contig_start, contig_end, contig_strand, analysis_id, repeat_start, repeat_end, repeat_consensus_id, score) VALUES (3794612,315835,49,223,-1,1,137,312,7,1014);
INSERT INTO repeat_feature (repeat_feature_id, contig_id, contig_start, contig_end, contig_strand, analysis_id, repeat_start, repeat_end, repeat_consensus_id, score) VALUES (3794614,315835,315,593,-1,1,8,285,2,2076);
INSERT INTO repeat_feature (repeat_feature_id, contig_id, contig_start, contig_end, contig_strand, analysis_id, repeat_start, repeat_end, repeat_consensus_id, score) VALUES (3794616,315835,840,1020,-1,1,5692,5864,5,1753);
INSERT INTO repeat_feature (repeat_feature_id, contig_id, contig_start, contig_end, contig_strand, analysis_id, repeat_start, repeat_end, repeat_consensus_id, score) VALUES (3794618,315835,1021,1510,1,1,1,444,9,2034);
INSERT INTO repeat_feature (repeat_feature_id, contig_id, contig_start, contig_end, contig_strand, analysis_id, repeat_start, repeat_end, repeat_consensus_id, score) VALUES (3794620,315835,1511,1810,-1,1,1,299,19,2609);
INSERT INTO repeat_feature (repeat_feature_id, contig_id, contig_start, contig_end, contig_strand, analysis_id, repeat_start, repeat_end, repeat_consensus_id, score) VALUES (3794621,315835,1811,1866,1,1,444,503,9,2034);
INSERT INTO repeat_feature (repeat_feature_id, contig_id, contig_start, contig_end, contig_strand, analysis_id, repeat_start, repeat_end, repeat_consensus_id, score) VALUES (3794623,315835,1867,2205,-1,1,5323,5692,5,1753);
INSERT INTO repeat_feature (repeat_feature_id, contig_id, contig_start, contig_end, contig_strand, analysis_id, repeat_start, repeat_end, repeat_consensus_id, score) VALUES (3794624,315835,2206,2494,-1,1,6,295,2,2088);
INSERT INTO repeat_feature (repeat_feature_id, contig_id, contig_start, contig_end, contig_strand, analysis_id, repeat_start, repeat_end, repeat_consensus_id, score) VALUES (3794627,315835,2569,2878,-1,1,1,305,2,2094);
INSERT INTO repeat_feature (repeat_feature_id, contig_id, contig_start, contig_end, contig_strand, analysis_id, repeat_start, repeat_end, repeat_consensus_id, score) VALUES (3794629,315835,2956,3219,-1,1,4897,5174,5,1067);
INSERT INTO repeat_feature (repeat_feature_id, contig_id, contig_start, contig_end, contig_strand, analysis_id, repeat_start, repeat_end, repeat_consensus_id, score) VALUES (3794632,315835,3225,3400,1,1,1,176,20,1393);
INSERT INTO repeat_feature (repeat_feature_id, contig_id, contig_start, contig_end, contig_strand, analysis_id, repeat_start, repeat_end, repeat_consensus_id, score) VALUES (3815961,315828,523,655,-1,1,2579,2710,1,288);
INSERT INTO repeat_feature (repeat_feature_id, contig_id, contig_start, contig_end, contig_strand, analysis_id, repeat_start, repeat_end, repeat_consensus_id, score) VALUES (3815962,315828,769,1074,1,1,1,309,2,2198);
INSERT INTO repeat_feature (repeat_feature_id, contig_id, contig_start, contig_end, contig_strand, analysis_id, repeat_start, repeat_end, repeat_consensus_id, score) VALUES (3815963,315828,1075,1256,1,1,124,307,6,1375);
INSERT INTO repeat_feature (repeat_feature_id, contig_id, contig_start, contig_end, contig_strand, analysis_id, repeat_start, repeat_end, repeat_consensus_id, score) VALUES (3815964,315828,1341,1781,-1,1,1810,2411,1,272);
INSERT INTO repeat_feature (repeat_feature_id, contig_id, contig_start, contig_end, contig_strand, analysis_id, repeat_start, repeat_end, repeat_consensus_id, score) VALUES (3815965,315828,4473,4770,-1,1,1,306,15,1481);
INSERT INTO repeat_feature (repeat_feature_id, contig_id, contig_start, contig_end, contig_strand, analysis_id, repeat_start, repeat_end, repeat_consensus_id, score) VALUES (3816203,315833,752,829,-1,1,2550,2626,1,180);
INSERT INTO repeat_feature (repeat_feature_id, contig_id, contig_start, contig_end, contig_strand, analysis_id, repeat_start, repeat_end, repeat_consensus_id, score) VALUES (3816206,315833,781,879,1,1,7,112,4,193);
INSERT INTO repeat_feature (repeat_feature_id, contig_id, contig_start, contig_end, contig_strand, analysis_id, repeat_start, repeat_end, repeat_consensus_id, score) VALUES (3816209,315833,940,1079,1,1,1,755,10,405);
INSERT INTO repeat_feature (repeat_feature_id, contig_id, contig_start, contig_end, contig_strand, analysis_id, repeat_start, repeat_end, repeat_consensus_id, score) VALUES (3816211,315833,1199,1561,1,1,2314,2713,1,551);
INSERT INTO repeat_feature (repeat_feature_id, contig_id, contig_start, contig_end, contig_strand, analysis_id, repeat_start, repeat_end, repeat_consensus_id, score) VALUES (3816765,315844,2546,2712,1,1,183,355,13,577);
INSERT INTO repeat_feature (repeat_feature_id, contig_id, contig_start, contig_end, contig_strand, analysis_id, repeat_start, repeat_end, repeat_consensus_id, score) VALUES (3816766,315844,3334,3428,-1,1,66,166,4,259);
INSERT INTO repeat_feature (repeat_feature_id, contig_id, contig_start, contig_end, contig_strand, analysis_id, repeat_start, repeat_end, repeat_consensus_id, score) VALUES (3816767,315844,8022,8204,1,1,266,449,16,783);
INSERT INTO repeat_feature (repeat_feature_id, contig_id, contig_start, contig_end, contig_strand, analysis_id, repeat_start, repeat_end, repeat_consensus_id, score) VALUES (3816768,315844,8496,8636,1,1,2,135,7,649);
INSERT INTO repeat_feature (repeat_feature_id, contig_id, contig_start, contig_end, contig_strand, analysis_id, repeat_start, repeat_end, repeat_consensus_id, score) VALUES (3816829,315840,458,571,1,1,40,158,4,322);
INSERT INTO repeat_feature (repeat_feature_id, contig_id, contig_start, contig_end, contig_strand, analysis_id, repeat_start, repeat_end, repeat_consensus_id, score) VALUES (3816830,315840,896,1317,-1,1,702,1136,3,655);
INSERT INTO repeat_feature (repeat_feature_id, contig_id, contig_start, contig_end, contig_strand, analysis_id, repeat_start, repeat_end, repeat_consensus_id, score) VALUES (3816831,315840,1318,1626,-1,1,6,312,8,1892);
INSERT INTO repeat_feature (repeat_feature_id, contig_id, contig_start, contig_end, contig_strand, analysis_id, repeat_start, repeat_end, repeat_consensus_id, score) VALUES (3816832,315840,1627,1648,-1,1,682,702,3,655);
INSERT INTO repeat_feature (repeat_feature_id, contig_id, contig_start, contig_end, contig_strand, analysis_id, repeat_start, repeat_end, repeat_consensus_id, score) VALUES (3816833,315840,3385,3492,-1,1,2596,2706,1,224);
INSERT INTO repeat_feature (repeat_feature_id, contig_id, contig_start, contig_end, contig_strand, analysis_id, repeat_start, repeat_end, repeat_consensus_id, score) VALUES (3816834,315840,3632,3837,1,1,2401,2610,1,297);
INSERT INTO repeat_feature (repeat_feature_id, contig_id, contig_start, contig_end, contig_strand, analysis_id, repeat_start, repeat_end, repeat_consensus_id, score) VALUES (3817664,315834,751,1064,-1,1,13,305,2,1485);
INSERT INTO repeat_feature (repeat_feature_id, contig_id, contig_start, contig_end, contig_strand, analysis_id, repeat_start, repeat_end, repeat_consensus_id, score) VALUES (3817665,315834,1083,1145,-1,1,252,314,11,231);
INSERT INTO repeat_feature (repeat_feature_id, contig_id, contig_start, contig_end, contig_strand, analysis_id, repeat_start, repeat_end, repeat_consensus_id, score) VALUES (3817666,315834,1780,1862,1,1,349,428,21,292);
INSERT INTO repeat_feature (repeat_feature_id, contig_id, contig_start, contig_end, contig_strand, analysis_id, repeat_start, repeat_end, repeat_consensus_id, score) VALUES (3817667,315834,2530,2772,-1,1,5928,6174,17,566);
INSERT INTO repeat_feature (repeat_feature_id, contig_id, contig_start, contig_end, contig_strand, analysis_id, repeat_start, repeat_end, repeat_consensus_id, score) VALUES (3817668,315834,2965,3075,-1,1,5451,5561,14,222);
INSERT INTO repeat_feature (repeat_feature_id, contig_id, contig_start, contig_end, contig_strand, analysis_id, repeat_start, repeat_end, repeat_consensus_id, score) VALUES (3818449,315837,3251,3500,1,1,3491,3760,12,519);
INSERT INTO repeat_feature (repeat_feature_id, contig_id, contig_start, contig_end, contig_strand, analysis_id, repeat_start, repeat_end, repeat_consensus_id, score) VALUES (3818450,315837,3513,3576,1,1,118,182,18,319);
